<?xml version="1.0" encoding="UTF-8"?>
<blueprint xmlns="http://www.osgi.org/xmlns/blueprint/v1.0.0" default-activation="eager">

    <reference id="configManager" interface="com.ibm.mdm.server.config.api.ConfigManager" activation="eager" timeout="60000"/>

    <service id="XSDFinderService" interface="com.dwl.base.xml.XSDFinder" activation="lazy">
        <service-properties>
            <entry key="CoreSchema" value="false"/>
        </service-properties>
        <bean class="com.dwl.base.xml.XSDFinderImpl">
            <property name="bpContainer" ref="blueprintContainer"/>
            <property name="bundle" ref="blueprintBundle"/>
        </bean>
    </service>


    <service id="Controller.MTTDBCustomTxn" interface="com.metcash.db.custom.interfaces.MTTDBCustomTxn">
        <service-properties>
            <entry key="osgi.jndi.service.name">
                <list>
                    <value>addMTTActReporting</value>
                    <value>updateMTTActReporting</value>
                    <value>addMTTIdentifier</value>
                    <value>updateMTTIdentifier</value>
                    <value>addMTTStore</value>
                    <value>updateMTTStore</value>
                    <value>addMTTActCreditTax</value>
                    <value>updateMTTActCreditTax</value>
                    <value>addMTTActOrderInvoice</value>
                    <value>updateMTTActOrderInvoice</value>
                    <value>addMTTActCostCharges</value>
                    <value>updateMTTActCostCharges</value>
                    <value>addMTTActFinancial</value>
                    <value>updateMTTActFinancial</value>
                </list>
            </entry>
        </service-properties>
        <bean class="com.metcash.db.custom.controller.MTTDBCustomTxnBean" />
    </service>
    
    <service id="Controller.MTTDBCustom" interface="com.metcash.db.custom.interfaces.MTTDBCustomFinder">
        <service-properties>
            <entry key="osgi.jndi.service.name">
                <list>
                    <value>getMTTActReporting</value>
                    <value>getAllMTTReportByID</value>
                    <value>getMTTIdentifier</value>
                    <value>getAllMTTIdentifierByID</value>
                    <value>getMTTStore</value>
                    <value>getAllStoreByID</value>
                    <value>getMTTActCreditTax</value>
                    <value>getAllMTTCreditTaxByID</value>
                    <value>getMTTActOrderInvoice</value>
                    <value>getAllMTTOrderInvoiceByID</value>
                    <value>getMTTActCostCharges</value>
                    <value>getAllMTTActCostChargesByID</value>
                    <value>getMTTActFinancial</value>
                    <value>getAllMTTActFinancialbyID</value>
                </list>
            </entry>
        </service-properties>
        <bean class="com.metcash.db.custom.controller.MTTDBCustomFinderImpl" />
    </service>
    
  

  
  
  

    <service id="BObjQueryFactoryService" interface="com.ibm.mdm.common.servicefactory.api.BObjQueryFactory" ranking="40"> 
      <bean class="com.ibm.mdm.common.servicefactory.BObjQueryFactoryImpl" >
        <argument>
          <map>
            <entry key="com.metcash.db.custom.bobj.query.MTTDBCustomModuleBObjQueryFactory">
              <bean class="com.metcash.db.custom.bobj.query.MTTDBCustomModuleBObjQueryFactoryImpl"/>
            </entry>
          </map>
        </argument>
        <argument ref="blueprintBundle"/>
      </bean>
    </service>
    
    <service id="BObjPersistenceFactoryService" interface="com.ibm.mdm.common.servicefactory.api.BObjPersistenceFactory" ranking="40"> 
      <bean class="com.ibm.mdm.common.servicefactory.BObjPersistenceFactoryImpl" >
        <argument>
          <map>
            <entry key="com.metcash.db.custom.bobj.query.MTTDBCustomModuleBObjPersistenceFactory">
              <bean class="com.metcash.db.custom.bobj.query.MTTDBCustomModuleBObjQueryFactoryImpl"/>
            </entry>
          </map>
        </argument>
        <argument ref="blueprintBundle"/>
      </bean>
    </service>

    <service interface="com.ibm.mdm.common.bobj.api.BObjFactoryService" ranking="0">
        <service-properties>
            <entry key="business.object">
                <list>
                    <value>MTTActReportingBObj</value>
                    <value>MTTIdentifierBObj</value>
                    <value>MTTStoreBObj</value>
                    <value>MTTActCreditTaxBObj</value>
                    <value>MTTActOrderInvoiceBObj</value>
                    <value>MTTActCostChargesBObj</value>
                    <value>MTTActFinancialBObj</value>
                    <value>XCDCHANNELGRPTypeBObj</value>
                    <value>XCDAGENTNUMTypeBObj</value>
                    <value>XCDUSERLOCALITYTypeBObj</value>
                    <value>XCDCUSCLASSTypeBObj</value>
                    <value>XCDINVTERMSTypeBObj</value>
                    <value>XCDCUSTOMERGRPTypeBObj</value>
                    <value>XCDINVOICESEQTypeBObj</value>
                    <value>XCDINVOICEMODETypeBObj</value>
                    <value>XCDORDERGUIDETypeBObj</value>
                    <value>XCDPRNCATINVBRKTypeBObj</value>
                    <value>XCDINVRECAPSUMMTypeBObj</value>
                    <value>XCDPICKUPDELIVERTypeBObj</value>
                    <value>XCDUNITCASECOSTPRNTypeBObj</value>
                    <value>XCDINVFORMATTypeBObj</value>
                    <value>XCDDELPICKPACKINVTypeBObj</value>
                    <value>XCDTOTESTypeBObj</value>
                    <value>XCDINVTypeBObj</value>
                    <value>XCDCOSTBASETypeBObj</value>
                    <value>XCDSRPCOMPLIANCETypeBObj</value>
                    <value>XCDBRKNCASECALCTypeBObj</value>
                    <value>XCDPSRPTypeBObj</value>
                    <value>XCDSTATEMENTMODETypeBObj</value>
                    <value>XCDGRACEDAYSTypeBObj</value>
                    <value>XCDCOLLECTORTypeBObj</value>
                    <value>XCDPAYMENTMETHODTypeBObj</value>
                    <value>XCDBANKTypeBObj</value>
                    <value>XCDBANKACCOUNTTypeBObj</value>
                    <value>XCDSALESREPTypeBObj</value>
                    <value>XCDIdentifierSubTypeBObj</value>
                    <value>XCDMSOTPTypeBObj</value>
                </list>
            </entry>
        </service-properties>
        <bean class="com.ibm.mdm.common.bobj.BObjFactoryServiceImpl">
            <argument>
                <map key-type="java.lang.String" value-type="java.lang.Class">
                    <entry key="MTTActReportingBObj" value="com.metcash.db.custom.component.MTTActReportingBObj"/>
                    <entry key="MTTIdentifierBObj" value="com.metcash.db.custom.component.MTTIdentifierBObj"/>
                    <entry key="MTTStoreBObj" value="com.metcash.db.custom.component.MTTStoreBObj"/>
                    <entry key="MTTActCreditTaxBObj" value="com.metcash.db.custom.component.MTTActCreditTaxBObj"/>
                    <entry key="MTTActOrderInvoiceBObj" value="com.metcash.db.custom.component.MTTActOrderInvoiceBObj"/>
                    <entry key="MTTActCostChargesBObj" value="com.metcash.db.custom.component.MTTActCostChargesBObj"/>
                    <entry key="MTTActFinancialBObj" value="com.metcash.db.custom.component.MTTActFinancialBObj"/>
                    <entry key="XCDCHANNELGRPTypeBObj" value="com.metcash.db.custom.codetable.obj.XCDCHANNELGRPTypeBObj"/>
                    <entry key="XCDAGENTNUMTypeBObj" value="com.metcash.db.custom.codetable.obj.XCDAGENTNUMTypeBObj"/>
                    <entry key="XCDUSERLOCALITYTypeBObj" value="com.metcash.db.custom.codetable.obj.XCDUSERLOCALITYTypeBObj"/>
                    <entry key="XCDCUSCLASSTypeBObj" value="com.metcash.db.custom.codetable.obj.XCDCUSCLASSTypeBObj"/>
                    <entry key="XCDINVTERMSTypeBObj" value="com.metcash.db.custom.codetable.obj.XCDINVTERMSTypeBObj"/>
                    <entry key="XCDCUSTOMERGRPTypeBObj" value="com.metcash.db.custom.codetable.obj.XCDCUSTOMERGRPTypeBObj"/>
                    <entry key="XCDINVOICESEQTypeBObj" value="com.metcash.db.custom.codetable.obj.XCDINVOICESEQTypeBObj"/>
                    <entry key="XCDINVOICEMODETypeBObj" value="com.metcash.db.custom.codetable.obj.XCDINVOICEMODETypeBObj"/>
                    <entry key="XCDORDERGUIDETypeBObj" value="com.metcash.db.custom.codetable.obj.XCDORDERGUIDETypeBObj"/>
                    <entry key="XCDPRNCATINVBRKTypeBObj" value="com.metcash.db.custom.codetable.obj.XCDPRNCATINVBRKTypeBObj"/>
                    <entry key="XCDINVRECAPSUMMTypeBObj" value="com.metcash.db.custom.codetable.obj.XCDINVRECAPSUMMTypeBObj"/>
                    <entry key="XCDPICKUPDELIVERTypeBObj" value="com.metcash.db.custom.codetable.obj.XCDPICKUPDELIVERTypeBObj"/>
                    <entry key="XCDUNITCASECOSTPRNTypeBObj" value="com.metcash.db.custom.codetable.obj.XCDUNITCASECOSTPRNTypeBObj"/>
                    <entry key="XCDINVFORMATTypeBObj" value="com.metcash.db.custom.codetable.obj.XCDINVFORMATTypeBObj"/>
                    <entry key="XCDDELPICKPACKINVTypeBObj" value="com.metcash.db.custom.codetable.obj.XCDDELPICKPACKINVTypeBObj"/>
                    <entry key="XCDTOTESTypeBObj" value="com.metcash.db.custom.codetable.obj.XCDTOTESTypeBObj"/>
                    <entry key="XCDINVTypeBObj" value="com.metcash.db.custom.codetable.obj.XCDINVTypeBObj"/>
                    <entry key="XCDCOSTBASETypeBObj" value="com.metcash.db.custom.codetable.obj.XCDCOSTBASETypeBObj"/>
                    <entry key="XCDSRPCOMPLIANCETypeBObj" value="com.metcash.db.custom.codetable.obj.XCDSRPCOMPLIANCETypeBObj"/>
                    <entry key="XCDBRKNCASECALCTypeBObj" value="com.metcash.db.custom.codetable.obj.XCDBRKNCASECALCTypeBObj"/>
                    <entry key="XCDPSRPTypeBObj" value="com.metcash.db.custom.codetable.obj.XCDPSRPTypeBObj"/>
                    <entry key="XCDSTATEMENTMODETypeBObj" value="com.metcash.db.custom.codetable.obj.XCDSTATEMENTMODETypeBObj"/>
                    <entry key="XCDGRACEDAYSTypeBObj" value="com.metcash.db.custom.codetable.obj.XCDGRACEDAYSTypeBObj"/>
                    <entry key="XCDCOLLECTORTypeBObj" value="com.metcash.db.custom.codetable.obj.XCDCOLLECTORTypeBObj"/>
                    <entry key="XCDPAYMENTMETHODTypeBObj" value="com.metcash.db.custom.codetable.obj.XCDPAYMENTMETHODTypeBObj"/>
                    <entry key="XCDBANKTypeBObj" value="com.metcash.db.custom.codetable.obj.XCDBANKTypeBObj"/>
                    <entry key="XCDBANKACCOUNTTypeBObj" value="com.metcash.db.custom.codetable.obj.XCDBANKACCOUNTTypeBObj"/>
                    <entry key="XCDSALESREPTypeBObj" value="com.metcash.db.custom.codetable.obj.XCDSALESREPTypeBObj"/>
                    <entry key="XCDIdentifierSubTypeBObj" value="com.metcash.db.custom.codetable.obj.XCDIdentifierSubTypeBObj"/>
                    <entry key="XCDMSOTPTypeBObj" value="com.metcash.db.custom.codetable.obj.XCDMSOTPTypeBObj"/>
                </map>
            </argument>
            <argument ref="blueprintBundle"/>
        </bean>
    </service>


    <service id="CodeTypeMetadataFactoryService" interface="com.ibm.mdm.common.codetype.interfaces.CodeTypeMetadataFactoryService">
        <service-properties>
            <entry key="code.type.name">
                <list>
                    <value>xcdchannelgrptp</value>
                    <value>xcdagentnumtp</value>
                    <value>xcduserlocalitytp</value>
                    <value>xcdcusclasstp</value>
                    <value>xcdinvtermstp</value>
                    <value>xcdcustomergrptp</value>
                    <value>xcdinvoiceseqtp</value>
                    <value>xcdinvoicemodetp</value>
                    <value>xcdorderguidetp</value>
                    <value>xcdprncatinvbrktp</value>
                    <value>xcdinvrecapsummtp</value>
                    <value>xcdpickupdelivertp</value>
                    <value>xcdunitcasecostprntp</value>
                    <value>xcdinvformattp</value>
                    <value>xcddelpickpackinvtp</value>
                    <value>xcdtotetp</value>
                    <value>xcdinvtp</value>
                    <value>xcdcostbasetp</value>
                    <value>xcdsrpcompliancetp</value>
                    <value>xcdbrkncasecalctp</value>
                    <value>xcdpsrptp</value>
                    <value>xcdstatementmodetp</value>
                    <value>xcdgracedaystp</value>
                    <value>xcdcollectortp</value>
                    <value>xcdpaymentmethodtp</value>
                    <value>xcdbanktp</value>
                    <value>xcdbankaccounttp</value>
                    <value>xcdsalesreptp</value>
                    <value>xcdidentifiersubtp</value>
                    <value>xcdmso</value>
                </list>
            </entry>
        </service-properties>
        <bean class="com.ibm.mdm.common.codetype.component.CodeTypeMetadataFactoryServiceImpl">
            <argument>
                <map key-type="java.lang.String" value-type="java.lang.Class">
                    <entry key="xcdchannelgrptp" value="com.metcash.db.custom.codetable.obj.XCDCHANNELGRPTypeMetadataBObj"/>
                    <entry key="xcdagentnumtp" value="com.metcash.db.custom.codetable.obj.XCDAGENTNUMTypeMetadataBObj"/>
                    <entry key="xcduserlocalitytp" value="com.metcash.db.custom.codetable.obj.XCDUSERLOCALITYTypeMetadataBObj"/>
                    <entry key="xcdcusclasstp" value="com.metcash.db.custom.codetable.obj.XCDCUSCLASSTypeMetadataBObj"/>
                    <entry key="xcdinvtermstp" value="com.metcash.db.custom.codetable.obj.XCDINVTERMSTypeMetadataBObj"/>
                    <entry key="xcdcustomergrptp" value="com.metcash.db.custom.codetable.obj.XCDCUSTOMERGRPTypeMetadataBObj"/>
                    <entry key="xcdinvoiceseqtp" value="com.metcash.db.custom.codetable.obj.XCDINVOICESEQTypeMetadataBObj"/>
                    <entry key="xcdinvoicemodetp" value="com.metcash.db.custom.codetable.obj.XCDINVOICEMODETypeMetadataBObj"/>
                    <entry key="xcdorderguidetp" value="com.metcash.db.custom.codetable.obj.XCDORDERGUIDETypeMetadataBObj"/>
                    <entry key="xcdprncatinvbrktp" value="com.metcash.db.custom.codetable.obj.XCDPRNCATINVBRKTypeMetadataBObj"/>
                    <entry key="xcdinvrecapsummtp" value="com.metcash.db.custom.codetable.obj.XCDINVRECAPSUMMTypeMetadataBObj"/>
                    <entry key="xcdpickupdelivertp" value="com.metcash.db.custom.codetable.obj.XCDPICKUPDELIVERTypeMetadataBObj"/>
                    <entry key="xcdunitcasecostprntp" value="com.metcash.db.custom.codetable.obj.XCDUNITCASECOSTPRNTypeMetadataBObj"/>
                    <entry key="xcdinvformattp" value="com.metcash.db.custom.codetable.obj.XCDINVFORMATTypeMetadataBObj"/>
                    <entry key="xcddelpickpackinvtp" value="com.metcash.db.custom.codetable.obj.XCDDELPICKPACKINVTypeMetadataBObj"/>
                    <entry key="xcdtotetp" value="com.metcash.db.custom.codetable.obj.XCDTOTESTypeMetadataBObj"/>
                    <entry key="xcdinvtp" value="com.metcash.db.custom.codetable.obj.XCDINVTypeMetadataBObj"/>
                    <entry key="xcdcostbasetp" value="com.metcash.db.custom.codetable.obj.XCDCOSTBASETypeMetadataBObj"/>
                    <entry key="xcdsrpcompliancetp" value="com.metcash.db.custom.codetable.obj.XCDSRPCOMPLIANCETypeMetadataBObj"/>
                    <entry key="xcdbrkncasecalctp" value="com.metcash.db.custom.codetable.obj.XCDBRKNCASECALCTypeMetadataBObj"/>
                    <entry key="xcdpsrptp" value="com.metcash.db.custom.codetable.obj.XCDPSRPTypeMetadataBObj"/>
                    <entry key="xcdstatementmodetp" value="com.metcash.db.custom.codetable.obj.XCDSTATEMENTMODETypeMetadataBObj"/>
                    <entry key="xcdgracedaystp" value="com.metcash.db.custom.codetable.obj.XCDGRACEDAYSTypeMetadataBObj"/>
                    <entry key="xcdcollectortp" value="com.metcash.db.custom.codetable.obj.XCDCOLLECTORTypeMetadataBObj"/>
                    <entry key="xcdpaymentmethodtp" value="com.metcash.db.custom.codetable.obj.XCDPAYMENTMETHODTypeMetadataBObj"/>
                    <entry key="xcdbanktp" value="com.metcash.db.custom.codetable.obj.XCDBANKTypeMetadataBObj"/>
                    <entry key="xcdbankaccounttp" value="com.metcash.db.custom.codetable.obj.XCDBANKACCOUNTTypeMetadataBObj"/>
                    <entry key="xcdsalesreptp" value="com.metcash.db.custom.codetable.obj.XCDSALESREPTypeMetadataBObj"/>
                    <entry key="xcdidentifiersubtp" value="com.metcash.db.custom.codetable.obj.XCDIdentifierSubTypeMetadataBObj"/>
                    <entry key="xcdmso" value="com.metcash.db.custom.codetable.obj.XCDMSOTPTypeMetadataBObj"/>
                </map>
            </argument>
            <argument ref="blueprintBundle"/>
        </bean>
    </service>

    <service id="ComponentFactoryService" interface="com.ibm.mdm.common.component.api.ComponentFactoryService">
        <service-properties>
            <entry key="business.component">
                <list>
                    <value>mttdbcustom_component</value>
                </list>
            </entry>
        </service-properties>
        <bean class="com.ibm.mdm.common.component.ComponentFactoryServiceImpl">
            <argument>
                <map>
                    <entry key="mttdbcustom_component">
                      <bean class="com.metcash.db.custom.component.MTTDBCustomComponent"/>
                    </entry>
                </map>
            </argument>
            <argument ref="blueprintContainer"/>
        </bean>
    </service>


</blueprint>