<?xml version="1.0" encoding="UTF-8"?>
<blueprint xmlns="http://www.osgi.org/xmlns/blueprint/v1.0.0" default-activation="eager">

    <reference id="configManager" interface="com.ibm.mdm.server.config.api.ConfigManager" activation="eager" timeout="60000"/>

    <service id="XSDFinderService" interface="com.dwl.base.xml.XSDFinder" activation="lazy">
        <service-properties>
            <entry key="CoreSchema" value="false"/>
        </service-properties>
        <bean class="com.dwl.base.xml.XSDFinderImpl">
            <property name="bpContainer" ref="blueprintContainer"/>
            <property name="bundle" ref="blueprintBundle"/>
        </bean>
    </service>

    <service id="BusinessProxy.maintainMTTAccount" interface="com.ibm.mdm.common.servicefactory.api.BusinessProxyFactory" ranking="10">
        <service-properties>
            <entry key="transaction.name" value="maintainMTTAccount"/>
        </service-properties>
        <bean class="com.ibm.mdm.common.servicefactory.BusinessProxyFactoryImpl">
            <argument type="java.lang.Class" value="com.metcash.services.custom.compositeTxn.MaintainMTTAccountCompositeTxnBP"/>
            <argument ref="blueprintBundle"/>
        </bean>
    </service>
    
    <service id="BusinessProxy.getMTTAccount" interface="com.ibm.mdm.common.servicefactory.api.BusinessProxyFactory" ranking="10">
        <service-properties>
            <entry key="transaction.name" value="getMTTAccount"/>
        </service-properties>
        <bean class="com.ibm.mdm.common.servicefactory.BusinessProxyFactoryImpl">
            <argument type="java.lang.Class" value="com.metcash.services.custom.compositeTxn.GetMTTAccountCompositeTxnBP"/>
            <argument ref="blueprintBundle"/>
        </bean>
    </service>
    
    <service id="BusinessProxy.maintainMTTLocation" interface="com.ibm.mdm.common.servicefactory.api.BusinessProxyFactory" ranking="10">
        <service-properties>
            <entry key="transaction.name" value="maintainMTTLocation"/>
        </service-properties>
        <bean class="com.ibm.mdm.common.servicefactory.BusinessProxyFactoryImpl">
            <argument type="java.lang.Class" value="com.metcash.services.custom.compositeTxn.MaintainMTTLocationCompositeTxnBP"/>
            <argument ref="blueprintBundle"/>
        </bean>
    </service>
    
    <service id="BusinessProxy.maintainMTTLegalEntity" interface="com.ibm.mdm.common.servicefactory.api.BusinessProxyFactory" ranking="10">
        <service-properties>
            <entry key="transaction.name" value="maintainMTTLegalEntity"/>
        </service-properties>
        <bean class="com.ibm.mdm.common.servicefactory.BusinessProxyFactoryImpl">
            <argument type="java.lang.Class" value="com.metcash.services.custom.compositeTxn.MaintainMTTLegalEntityCompositeTxnBP"/>
            <argument ref="blueprintBundle"/>
        </bean>
    </service>
    
    <service id="BusinessProxy.maintainMTTBusinessContact" interface="com.ibm.mdm.common.servicefactory.api.BusinessProxyFactory" ranking="10">
        <service-properties>
            <entry key="transaction.name" value="maintainMTTBusinessContact"/>
        </service-properties>
        <bean class="com.ibm.mdm.common.servicefactory.BusinessProxyFactoryImpl">
            <argument type="java.lang.Class" value="com.metcash.services.custom.compositeTxn.MaintainMTTBusinessContactCompositeTxnBP"/>
            <argument ref="blueprintBundle"/>
        </bean>
    </service>
    
    <service id="BusinessProxy.maintianMTTStore" interface="com.ibm.mdm.common.servicefactory.api.BusinessProxyFactory" ranking="10">
        <service-properties>
            <entry key="transaction.name" value="maintianMTTStore"/>
        </service-properties>
        <bean class="com.ibm.mdm.common.servicefactory.BusinessProxyFactoryImpl">
            <argument type="java.lang.Class" value="com.metcash.services.custom.compositeTxn.MaintianMTTStoreCompositeTxnBP"/>
            <argument ref="blueprintBundle"/>
        </bean>
    </service>
    

  

  


    <service interface="com.ibm.mdm.common.bobj.api.BObjFactoryService" ranking="0">
        <service-properties>
            <entry key="business.object">
                <list>
                    <value>MetcashAccountBObj</value>
                    <value>MetcashIdentifierBObj</value>
                    <value>MetcashLegalEntityBObj</value>
                    <value>MetcashAccountRoleBObj</value>
                    <value>MetcashLocationBObj</value>
                    <value>MetcashBusinessContactBObj</value>
                    <value>MetcashStoreBObj</value>
                </list>
            </entry>
        </service-properties>
        <bean class="com.ibm.mdm.common.bobj.BObjFactoryServiceImpl">
            <argument>
                <map key-type="java.lang.String" value-type="java.lang.Class">
                    <entry key="MetcashAccountBObj" value="com.metcash.services.custom.component.MetcashAccountBObj"/>
                    <entry key="MetcashIdentifierBObj" value="com.metcash.services.custom.component.MetcashIdentifierBObj"/>
                    <entry key="MetcashLegalEntityBObj" value="com.metcash.services.custom.component.MetcashLegalEntityBObj"/>
                    <entry key="MetcashAccountRoleBObj" value="com.metcash.services.custom.component.MetcashAccountRoleBObj"/>
                    <entry key="MetcashLocationBObj" value="com.metcash.services.custom.component.MetcashLocationBObj"/>
                    <entry key="MetcashBusinessContactBObj" value="com.metcash.services.custom.component.MetcashBusinessContactBObj"/>
                    <entry key="MetcashStoreBObj" value="com.metcash.services.custom.component.MetcashStoreBObj"/>
                </map>
            </argument>
            <argument ref="blueprintBundle"/>
        </bean>
    </service>





</blueprint>