<?xml version='1.0' encoding='utf-8'?>
<!DOCTYPE metadata>
<metadata>
  <statement method='com.metcash.db.custom.entityObject.MTTActCreditTaxInquiryData#getMTTActCreditTax(Object[])'>
    <parameters>
      <parameter>
        <parameterMode>parameterModeIn</parameterMode>
        <jdbcType>BIGINT</jdbcType>
        <precision>19</precision>
      </parameter>
    </parameters>
    <columns>
      <column>
        <label>MTT_ACT_CREDIT_TAX_ID</label>
        <tableName>MTT_ACCOUNT_CREDIT_TAX</tableName>
        <jdbcType>BIGINT</jdbcType>
        <precision>19</precision>
      </column>
      <column>
        <label>CONTRACT_ID</label>
        <tableName>MTT_ACCOUNT_CREDIT_TAX</tableName>
        <jdbcType>BIGINT</jdbcType>
        <precision>19</precision>
      </column>
      <column>
        <label>INV_TERMS_TP_CD</label>
        <tableName>MTT_ACCOUNT_CREDIT_TAX</tableName>
        <jdbcType>BIGINT</jdbcType>
        <precision>19</precision>
      </column>
      <column>
        <label>GST_EXEMPT_IND</label>
        <tableName>MTT_ACCOUNT_CREDIT_TAX</tableName>
        <jdbcType>VARCHAR</jdbcType>
        <precision>1</precision>
      </column>
      <column>
        <label>CUS_GRP_TP_CD</label>
        <tableName>MTT_ACCOUNT_CREDIT_TAX</tableName>
        <jdbcType>BIGINT</jdbcType>
        <precision>19</precision>
      </column>
      <column>
        <label>BANK_GUARANTEE_AMT</label>
        <tableName>MTT_ACCOUNT_CREDIT_TAX</tableName>
        <jdbcType>REAL</jdbcType>
        <precision>16</precision>
        <scale>2</scale>
      </column>
      <column>
        <label>BANK_GUARANTEE_END_DT</label>
        <tableName>MTT_ACCOUNT_CREDIT_TAX</tableName>
        <jdbcType>TIMESTAMP</jdbcType>
      </column>
      <column>
        <label>CASH_DEPOSIT_AMT</label>
        <tableName>MTT_ACCOUNT_CREDIT_TAX</tableName>
        <jdbcType>REAL</jdbcType>
        <precision>16</precision>
        <scale>2</scale>
      </column>
      <column>
        <label>CASH_DEPOSIT_RECV_DT</label>
        <tableName>MTT_ACCOUNT_CREDIT_TAX</tableName>
        <jdbcType>TIMESTAMP</jdbcType>
      </column>
      <column>
        <label>CASH_DEPOSIT_REL_DT</label>
        <tableName>MTT_ACCOUNT_CREDIT_TAX</tableName>
        <jdbcType>TIMESTAMP</jdbcType>
      </column>
      <column>
        <label>FIRST_MORTGAGE</label>
        <tableName>MTT_ACCOUNT_CREDIT_TAX</tableName>
        <jdbcType>VARCHAR</jdbcType>
        <precision>250</precision>
      </column>
      <column>
        <label>SECOND_MORTGAGE</label>
        <tableName>MTT_ACCOUNT_CREDIT_TAX</tableName>
        <jdbcType>VARCHAR</jdbcType>
        <precision>250</precision>
      </column>
      <column>
        <label>DEED_OF_PRIORITY</label>
        <tableName>MTT_ACCOUNT_CREDIT_TAX</tableName>
        <jdbcType>VARCHAR</jdbcType>
        <precision>250</precision>
      </column>
      <column>
        <label>PPSR_DETAILS</label>
        <tableName>MTT_ACCOUNT_CREDIT_TAX</tableName>
        <jdbcType>VARCHAR</jdbcType>
        <precision>250</precision>
      </column>
      <column>
        <label>PMSI_DETAILS</label>
        <tableName>MTT_ACCOUNT_CREDIT_TAX</tableName>
        <jdbcType>VARCHAR</jdbcType>
        <precision>250</precision>
      </column>
      <column>
        <label>ALLPAP_DETAILS</label>
        <tableName>MTT_ACCOUNT_CREDIT_TAX</tableName>
        <jdbcType>VARCHAR</jdbcType>
        <precision>250</precision>
      </column>
      <column>
        <label>ARREARS</label>
        <tableName>MTT_ACCOUNT_CREDIT_TAX</tableName>
        <jdbcType>VARCHAR</jdbcType>
        <precision>50</precision>
      </column>
      <column>
        <label>CREDIT_HOLD</label>
        <tableName>MTT_ACCOUNT_CREDIT_TAX</tableName>
        <jdbcType>VARCHAR</jdbcType>
        <precision>50</precision>
      </column>
      <column>
        <label>NATIONAL_HOLD</label>
        <tableName>MTT_ACCOUNT_CREDIT_TAX</tableName>
        <jdbcType>VARCHAR</jdbcType>
        <precision>50</precision>
      </column>
      <column>
        <label>CREDIT_HOLD_DT</label>
        <tableName>MTT_ACCOUNT_CREDIT_TAX</tableName>
        <jdbcType>VARCHAR</jdbcType>
        <precision>250</precision>
      </column>
      <column>
        <label>CREDIT_STATUS_OVERRIDE</label>
        <tableName>MTT_ACCOUNT_CREDIT_TAX</tableName>
        <jdbcType>VARCHAR</jdbcType>
        <precision>50</precision>
      </column>
      <column>
        <label>CHEQUE_LIMIT_AMT</label>
        <tableName>MTT_ACCOUNT_CREDIT_TAX</tableName>
        <jdbcType>REAL</jdbcType>
        <precision>16</precision>
        <scale>2</scale>
      </column>
      <column>
        <label>CHEQUE_LIMIT_CURRENCY_TP_CD</label>
        <tableName>MTT_ACCOUNT_CREDIT_TAX</tableName>
        <jdbcType>BIGINT</jdbcType>
        <precision>19</precision>
      </column>
      <column>
        <label>WET_EXEMPT_IND</label>
        <tableName>MTT_ACCOUNT_CREDIT_TAX</tableName>
        <jdbcType>VARCHAR</jdbcType>
        <precision>1</precision>
      </column>
      <column>
        <label>DUTY_FREE_IND</label>
        <tableName>MTT_ACCOUNT_CREDIT_TAX</tableName>
        <jdbcType>VARCHAR</jdbcType>
        <precision>1</precision>
      </column>
      <column>
        <label>CASH_ON_DELIVERY_IND</label>
        <tableName>MTT_ACCOUNT_CREDIT_TAX</tableName>
        <jdbcType>VARCHAR</jdbcType>
        <precision>1</precision>
      </column>
      <column>
        <label>SALES_REP_TP_CD</label>
        <tableName>MTT_ACCOUNT_CREDIT_TAX</tableName>
        <jdbcType>BIGINT</jdbcType>
        <precision>19</precision>
      </column>
      <column>
        <label>LAST_UPDATE_DT</label>
        <tableName>MTT_ACCOUNT_CREDIT_TAX</tableName>
        <jdbcType>TIMESTAMP</jdbcType>
      </column>
      <column>
        <label>LAST_UPDATE_USER</label>
        <tableName>MTT_ACCOUNT_CREDIT_TAX</tableName>
        <jdbcType>VARCHAR</jdbcType>
        <precision>20</precision>
      </column>
      <column>
        <label>LAST_UPDATE_TX_ID</label>
        <tableName>MTT_ACCOUNT_CREDIT_TAX</tableName>
        <jdbcType>BIGINT</jdbcType>
        <precision>19</precision>
      </column>
    </columns>
  </statement>
  <statement method='com.metcash.db.custom.entityObject.MTTActCreditTaxInquiryData#getMTTActCreditTaxHistory(Object[])'>
    <parameters>
      <parameter>
        <parameterMode>parameterModeIn</parameterMode>
        <jdbcType>BIGINT</jdbcType>
        <precision>19</precision>
      </parameter>
      <parameter>
        <parameterMode>parameterModeIn</parameterMode>
        <jdbcType>TIMESTAMP</jdbcType>
      </parameter>
      <parameter>
        <parameterMode>parameterModeIn</parameterMode>
        <jdbcType>TIMESTAMP</jdbcType>
      </parameter>
    </parameters>
    <columns>
      <column>
        <label>historyIdPK</label>
        <tableName>MTT_ACCOUNT_CREDIT_TAX</tableName>
        <jdbcType>BIGINT</jdbcType>
        <precision>19</precision>
      </column>
      <column>
        <label>H_ACTION_CODE</label>
        <tableName>MTT_ACCOUNT_CREDIT_TAX</tableName>
        <jdbcType>CHAR</jdbcType>
        <precision>1</precision>
      </column>
      <column>
        <label>H_CREATED_BY</label>
        <tableName>MTT_ACCOUNT_CREDIT_TAX</tableName>
        <jdbcType>VARCHAR</jdbcType>
        <precision>20</precision>
      </column>
      <column>
        <label>H_CREATE_DT</label>
        <tableName>MTT_ACCOUNT_CREDIT_TAX</tableName>
        <jdbcType>TIMESTAMP</jdbcType>
      </column>
      <column>
        <label>H_END_DT</label>
        <tableName>MTT_ACCOUNT_CREDIT_TAX</tableName>
        <jdbcType>TIMESTAMP</jdbcType>
      </column>
      <column>
        <label>MTT_ACT_CREDIT_TAX_ID</label>
        <tableName>MTT_ACCOUNT_CREDIT_TAX</tableName>
        <jdbcType>BIGINT</jdbcType>
        <precision>19</precision>
      </column>
      <column>
        <label>CONTRACT_ID</label>
        <tableName>MTT_ACCOUNT_CREDIT_TAX</tableName>
        <jdbcType>BIGINT</jdbcType>
        <precision>19</precision>
      </column>
      <column>
        <label>INV_TERMS_TP_CD</label>
        <tableName>MTT_ACCOUNT_CREDIT_TAX</tableName>
        <jdbcType>BIGINT</jdbcType>
        <precision>19</precision>
      </column>
      <column>
        <label>GST_EXEMPT_IND</label>
        <tableName>MTT_ACCOUNT_CREDIT_TAX</tableName>
        <jdbcType>VARCHAR</jdbcType>
        <precision>1</precision>
      </column>
      <column>
        <label>CUS_GRP_TP_CD</label>
        <tableName>MTT_ACCOUNT_CREDIT_TAX</tableName>
        <jdbcType>BIGINT</jdbcType>
        <precision>19</precision>
      </column>
      <column>
        <label>BANK_GUARANTEE_AMT</label>
        <tableName>MTT_ACCOUNT_CREDIT_TAX</tableName>
        <jdbcType>REAL</jdbcType>
        <precision>16</precision>
        <scale>2</scale>
      </column>
      <column>
        <label>BANK_GUARANTEE_END_DT</label>
        <tableName>MTT_ACCOUNT_CREDIT_TAX</tableName>
        <jdbcType>TIMESTAMP</jdbcType>
      </column>
      <column>
        <label>CASH_DEPOSIT_AMT</label>
        <tableName>MTT_ACCOUNT_CREDIT_TAX</tableName>
        <jdbcType>REAL</jdbcType>
        <precision>16</precision>
        <scale>2</scale>
      </column>
      <column>
        <label>CASH_DEPOSIT_RECV_DT</label>
        <tableName>MTT_ACCOUNT_CREDIT_TAX</tableName>
        <jdbcType>TIMESTAMP</jdbcType>
      </column>
      <column>
        <label>CASH_DEPOSIT_REL_DT</label>
        <tableName>MTT_ACCOUNT_CREDIT_TAX</tableName>
        <jdbcType>TIMESTAMP</jdbcType>
      </column>
      <column>
        <label>FIRST_MORTGAGE</label>
        <tableName>MTT_ACCOUNT_CREDIT_TAX</tableName>
        <jdbcType>VARCHAR</jdbcType>
        <precision>250</precision>
      </column>
      <column>
        <label>SECOND_MORTGAGE</label>
        <tableName>MTT_ACCOUNT_CREDIT_TAX</tableName>
        <jdbcType>VARCHAR</jdbcType>
        <precision>250</precision>
      </column>
      <column>
        <label>DEED_OF_PRIORITY</label>
        <tableName>MTT_ACCOUNT_CREDIT_TAX</tableName>
        <jdbcType>VARCHAR</jdbcType>
        <precision>250</precision>
      </column>
      <column>
        <label>PPSR_DETAILS</label>
        <tableName>MTT_ACCOUNT_CREDIT_TAX</tableName>
        <jdbcType>VARCHAR</jdbcType>
        <precision>250</precision>
      </column>
      <column>
        <label>PMSI_DETAILS</label>
        <tableName>MTT_ACCOUNT_CREDIT_TAX</tableName>
        <jdbcType>VARCHAR</jdbcType>
        <precision>250</precision>
      </column>
      <column>
        <label>ALLPAP_DETAILS</label>
        <tableName>MTT_ACCOUNT_CREDIT_TAX</tableName>
        <jdbcType>VARCHAR</jdbcType>
        <precision>250</precision>
      </column>
      <column>
        <label>ARREARS</label>
        <tableName>MTT_ACCOUNT_CREDIT_TAX</tableName>
        <jdbcType>VARCHAR</jdbcType>
        <precision>50</precision>
      </column>
      <column>
        <label>CREDIT_HOLD</label>
        <tableName>MTT_ACCOUNT_CREDIT_TAX</tableName>
        <jdbcType>VARCHAR</jdbcType>
        <precision>50</precision>
      </column>
      <column>
        <label>NATIONAL_HOLD</label>
        <tableName>MTT_ACCOUNT_CREDIT_TAX</tableName>
        <jdbcType>VARCHAR</jdbcType>
        <precision>50</precision>
      </column>
      <column>
        <label>CREDIT_HOLD_DT</label>
        <tableName>MTT_ACCOUNT_CREDIT_TAX</tableName>
        <jdbcType>VARCHAR</jdbcType>
        <precision>250</precision>
      </column>
      <column>
        <label>CREDIT_STATUS_OVERRIDE</label>
        <tableName>MTT_ACCOUNT_CREDIT_TAX</tableName>
        <jdbcType>VARCHAR</jdbcType>
        <precision>50</precision>
      </column>
      <column>
        <label>CHEQUE_LIMIT_AMT</label>
        <tableName>MTT_ACCOUNT_CREDIT_TAX</tableName>
        <jdbcType>REAL</jdbcType>
        <precision>16</precision>
        <scale>2</scale>
      </column>
      <column>
        <label>CHEQUE_LIMIT_CURRENCY_TP_CD</label>
        <tableName>MTT_ACCOUNT_CREDIT_TAX</tableName>
        <jdbcType>BIGINT</jdbcType>
        <precision>19</precision>
      </column>
      <column>
        <label>WET_EXEMPT_IND</label>
        <tableName>MTT_ACCOUNT_CREDIT_TAX</tableName>
        <jdbcType>VARCHAR</jdbcType>
        <precision>1</precision>
      </column>
      <column>
        <label>DUTY_FREE_IND</label>
        <tableName>MTT_ACCOUNT_CREDIT_TAX</tableName>
        <jdbcType>VARCHAR</jdbcType>
        <precision>1</precision>
      </column>
      <column>
        <label>CASH_ON_DELIVERY_IND</label>
        <tableName>MTT_ACCOUNT_CREDIT_TAX</tableName>
        <jdbcType>VARCHAR</jdbcType>
        <precision>1</precision>
      </column>
      <column>
        <label>SALES_REP_TP_CD</label>
        <tableName>MTT_ACCOUNT_CREDIT_TAX</tableName>
        <jdbcType>BIGINT</jdbcType>
        <precision>19</precision>
      </column>
      <column>
        <label>LAST_UPDATE_DT</label>
        <tableName>MTT_ACCOUNT_CREDIT_TAX</tableName>
        <jdbcType>TIMESTAMP</jdbcType>
      </column>
      <column>
        <label>LAST_UPDATE_USER</label>
        <tableName>MTT_ACCOUNT_CREDIT_TAX</tableName>
        <jdbcType>VARCHAR</jdbcType>
        <precision>20</precision>
      </column>
      <column>
        <label>LAST_UPDATE_TX_ID</label>
        <tableName>MTT_ACCOUNT_CREDIT_TAX</tableName>
        <jdbcType>BIGINT</jdbcType>
        <precision>19</precision>
      </column>
    </columns>
  </statement>
  <statement method='com.metcash.db.custom.entityObject.MTTActCreditTaxInquiryData#getAllMTTCreditTaxByID(Object[])'>
    <parameters>
      <parameter>
        <parameterMode>parameterModeIn</parameterMode>
        <jdbcType>BIGINT</jdbcType>
        <precision>19</precision>
      </parameter>
    </parameters>
    <columns>
      <column>
        <label>MTT_ACT_CREDIT_TAX_ID</label>
        <tableName>MTT_ACCOUNT_CREDIT_TAX</tableName>
        <jdbcType>BIGINT</jdbcType>
        <precision>19</precision>
      </column>
      <column>
        <label>CONTRACT_ID</label>
        <tableName>MTT_ACCOUNT_CREDIT_TAX</tableName>
        <jdbcType>BIGINT</jdbcType>
        <precision>19</precision>
      </column>
      <column>
        <label>INV_TERMS_TP_CD</label>
        <tableName>MTT_ACCOUNT_CREDIT_TAX</tableName>
        <jdbcType>BIGINT</jdbcType>
        <precision>19</precision>
      </column>
      <column>
        <label>GST_EXEMPT_IND</label>
        <tableName>MTT_ACCOUNT_CREDIT_TAX</tableName>
        <jdbcType>VARCHAR</jdbcType>
        <precision>1</precision>
      </column>
      <column>
        <label>CUS_GRP_TP_CD</label>
        <tableName>MTT_ACCOUNT_CREDIT_TAX</tableName>
        <jdbcType>BIGINT</jdbcType>
        <precision>19</precision>
      </column>
      <column>
        <label>BANK_GUARANTEE_AMT</label>
        <tableName>MTT_ACCOUNT_CREDIT_TAX</tableName>
        <jdbcType>REAL</jdbcType>
        <precision>16</precision>
        <scale>2</scale>
      </column>
      <column>
        <label>BANK_GUARANTEE_END_DT</label>
        <tableName>MTT_ACCOUNT_CREDIT_TAX</tableName>
        <jdbcType>TIMESTAMP</jdbcType>
      </column>
      <column>
        <label>CASH_DEPOSIT_AMT</label>
        <tableName>MTT_ACCOUNT_CREDIT_TAX</tableName>
        <jdbcType>REAL</jdbcType>
        <precision>16</precision>
        <scale>2</scale>
      </column>
      <column>
        <label>CASH_DEPOSIT_RECV_DT</label>
        <tableName>MTT_ACCOUNT_CREDIT_TAX</tableName>
        <jdbcType>TIMESTAMP</jdbcType>
      </column>
      <column>
        <label>CASH_DEPOSIT_REL_DT</label>
        <tableName>MTT_ACCOUNT_CREDIT_TAX</tableName>
        <jdbcType>TIMESTAMP</jdbcType>
      </column>
      <column>
        <label>FIRST_MORTGAGE</label>
        <tableName>MTT_ACCOUNT_CREDIT_TAX</tableName>
        <jdbcType>VARCHAR</jdbcType>
        <precision>250</precision>
      </column>
      <column>
        <label>SECOND_MORTGAGE</label>
        <tableName>MTT_ACCOUNT_CREDIT_TAX</tableName>
        <jdbcType>VARCHAR</jdbcType>
        <precision>250</precision>
      </column>
      <column>
        <label>DEED_OF_PRIORITY</label>
        <tableName>MTT_ACCOUNT_CREDIT_TAX</tableName>
        <jdbcType>VARCHAR</jdbcType>
        <precision>250</precision>
      </column>
      <column>
        <label>PPSR_DETAILS</label>
        <tableName>MTT_ACCOUNT_CREDIT_TAX</tableName>
        <jdbcType>VARCHAR</jdbcType>
        <precision>250</precision>
      </column>
      <column>
        <label>PMSI_DETAILS</label>
        <tableName>MTT_ACCOUNT_CREDIT_TAX</tableName>
        <jdbcType>VARCHAR</jdbcType>
        <precision>250</precision>
      </column>
      <column>
        <label>ALLPAP_DETAILS</label>
        <tableName>MTT_ACCOUNT_CREDIT_TAX</tableName>
        <jdbcType>VARCHAR</jdbcType>
        <precision>250</precision>
      </column>
      <column>
        <label>ARREARS</label>
        <tableName>MTT_ACCOUNT_CREDIT_TAX</tableName>
        <jdbcType>VARCHAR</jdbcType>
        <precision>50</precision>
      </column>
      <column>
        <label>CREDIT_HOLD</label>
        <tableName>MTT_ACCOUNT_CREDIT_TAX</tableName>
        <jdbcType>VARCHAR</jdbcType>
        <precision>50</precision>
      </column>
      <column>
        <label>NATIONAL_HOLD</label>
        <tableName>MTT_ACCOUNT_CREDIT_TAX</tableName>
        <jdbcType>VARCHAR</jdbcType>
        <precision>50</precision>
      </column>
      <column>
        <label>CREDIT_HOLD_DT</label>
        <tableName>MTT_ACCOUNT_CREDIT_TAX</tableName>
        <jdbcType>VARCHAR</jdbcType>
        <precision>250</precision>
      </column>
      <column>
        <label>CREDIT_STATUS_OVERRIDE</label>
        <tableName>MTT_ACCOUNT_CREDIT_TAX</tableName>
        <jdbcType>VARCHAR</jdbcType>
        <precision>50</precision>
      </column>
      <column>
        <label>CHEQUE_LIMIT_AMT</label>
        <tableName>MTT_ACCOUNT_CREDIT_TAX</tableName>
        <jdbcType>REAL</jdbcType>
        <precision>16</precision>
        <scale>2</scale>
      </column>
      <column>
        <label>CHEQUE_LIMIT_CURRENCY_TP_CD</label>
        <tableName>MTT_ACCOUNT_CREDIT_TAX</tableName>
        <jdbcType>BIGINT</jdbcType>
        <precision>19</precision>
      </column>
      <column>
        <label>WET_EXEMPT_IND</label>
        <tableName>MTT_ACCOUNT_CREDIT_TAX</tableName>
        <jdbcType>VARCHAR</jdbcType>
        <precision>1</precision>
      </column>
      <column>
        <label>DUTY_FREE_IND</label>
        <tableName>MTT_ACCOUNT_CREDIT_TAX</tableName>
        <jdbcType>VARCHAR</jdbcType>
        <precision>1</precision>
      </column>
      <column>
        <label>CASH_ON_DELIVERY_IND</label>
        <tableName>MTT_ACCOUNT_CREDIT_TAX</tableName>
        <jdbcType>VARCHAR</jdbcType>
        <precision>1</precision>
      </column>
      <column>
        <label>SALES_REP_TP_CD</label>
        <tableName>MTT_ACCOUNT_CREDIT_TAX</tableName>
        <jdbcType>BIGINT</jdbcType>
        <precision>19</precision>
      </column>
      <column>
        <label>LAST_UPDATE_DT</label>
        <tableName>MTT_ACCOUNT_CREDIT_TAX</tableName>
        <jdbcType>TIMESTAMP</jdbcType>
      </column>
      <column>
        <label>LAST_UPDATE_USER</label>
        <tableName>MTT_ACCOUNT_CREDIT_TAX</tableName>
        <jdbcType>VARCHAR</jdbcType>
        <precision>20</precision>
      </column>
      <column>
        <label>LAST_UPDATE_TX_ID</label>
        <tableName>MTT_ACCOUNT_CREDIT_TAX</tableName>
        <jdbcType>BIGINT</jdbcType>
        <precision>19</precision>
      </column>
    </columns>
  </statement>
  <statement method='com.metcash.db.custom.entityObject.MTTActCreditTaxInquiryData#getAllMTTCreditTaxByIDHistory(Object[])'>
    <parameters>
      <parameter>
        <parameterMode>parameterModeIn</parameterMode>
        <jdbcType>BIGINT</jdbcType>
        <precision>19</precision>
      </parameter>
      <parameter>
        <parameterMode>parameterModeIn</parameterMode>
        <jdbcType>TIMESTAMP</jdbcType>
      </parameter>
      <parameter>
        <parameterMode>parameterModeIn</parameterMode>
        <jdbcType>TIMESTAMP</jdbcType>
      </parameter>
    </parameters>
    <columns>
      <column>
        <label>historyIdPK</label>
        <tableName>MTT_ACCOUNT_CREDIT_TAX</tableName>
        <jdbcType>BIGINT</jdbcType>
        <precision>19</precision>
      </column>
      <column>
        <label>H_ACTION_CODE</label>
        <tableName>MTT_ACCOUNT_CREDIT_TAX</tableName>
        <jdbcType>CHAR</jdbcType>
        <precision>1</precision>
      </column>
      <column>
        <label>H_CREATED_BY</label>
        <tableName>MTT_ACCOUNT_CREDIT_TAX</tableName>
        <jdbcType>VARCHAR</jdbcType>
        <precision>20</precision>
      </column>
      <column>
        <label>H_CREATE_DT</label>
        <tableName>MTT_ACCOUNT_CREDIT_TAX</tableName>
        <jdbcType>TIMESTAMP</jdbcType>
      </column>
      <column>
        <label>H_END_DT</label>
        <tableName>MTT_ACCOUNT_CREDIT_TAX</tableName>
        <jdbcType>TIMESTAMP</jdbcType>
      </column>
      <column>
        <label>MTT_ACT_CREDIT_TAX_ID</label>
        <tableName>MTT_ACCOUNT_CREDIT_TAX</tableName>
        <jdbcType>BIGINT</jdbcType>
        <precision>19</precision>
      </column>
      <column>
        <label>CONTRACT_ID</label>
        <tableName>MTT_ACCOUNT_CREDIT_TAX</tableName>
        <jdbcType>BIGINT</jdbcType>
        <precision>19</precision>
      </column>
      <column>
        <label>INV_TERMS_TP_CD</label>
        <tableName>MTT_ACCOUNT_CREDIT_TAX</tableName>
        <jdbcType>BIGINT</jdbcType>
        <precision>19</precision>
      </column>
      <column>
        <label>GST_EXEMPT_IND</label>
        <tableName>MTT_ACCOUNT_CREDIT_TAX</tableName>
        <jdbcType>VARCHAR</jdbcType>
        <precision>1</precision>
      </column>
      <column>
        <label>CUS_GRP_TP_CD</label>
        <tableName>MTT_ACCOUNT_CREDIT_TAX</tableName>
        <jdbcType>BIGINT</jdbcType>
        <precision>19</precision>
      </column>
      <column>
        <label>BANK_GUARANTEE_AMT</label>
        <tableName>MTT_ACCOUNT_CREDIT_TAX</tableName>
        <jdbcType>REAL</jdbcType>
        <precision>16</precision>
        <scale>2</scale>
      </column>
      <column>
        <label>BANK_GUARANTEE_END_DT</label>
        <tableName>MTT_ACCOUNT_CREDIT_TAX</tableName>
        <jdbcType>TIMESTAMP</jdbcType>
      </column>
      <column>
        <label>CASH_DEPOSIT_AMT</label>
        <tableName>MTT_ACCOUNT_CREDIT_TAX</tableName>
        <jdbcType>REAL</jdbcType>
        <precision>16</precision>
        <scale>2</scale>
      </column>
      <column>
        <label>CASH_DEPOSIT_RECV_DT</label>
        <tableName>MTT_ACCOUNT_CREDIT_TAX</tableName>
        <jdbcType>TIMESTAMP</jdbcType>
      </column>
      <column>
        <label>CASH_DEPOSIT_REL_DT</label>
        <tableName>MTT_ACCOUNT_CREDIT_TAX</tableName>
        <jdbcType>TIMESTAMP</jdbcType>
      </column>
      <column>
        <label>FIRST_MORTGAGE</label>
        <tableName>MTT_ACCOUNT_CREDIT_TAX</tableName>
        <jdbcType>VARCHAR</jdbcType>
        <precision>250</precision>
      </column>
      <column>
        <label>SECOND_MORTGAGE</label>
        <tableName>MTT_ACCOUNT_CREDIT_TAX</tableName>
        <jdbcType>VARCHAR</jdbcType>
        <precision>250</precision>
      </column>
      <column>
        <label>DEED_OF_PRIORITY</label>
        <tableName>MTT_ACCOUNT_CREDIT_TAX</tableName>
        <jdbcType>VARCHAR</jdbcType>
        <precision>250</precision>
      </column>
      <column>
        <label>PPSR_DETAILS</label>
        <tableName>MTT_ACCOUNT_CREDIT_TAX</tableName>
        <jdbcType>VARCHAR</jdbcType>
        <precision>250</precision>
      </column>
      <column>
        <label>PMSI_DETAILS</label>
        <tableName>MTT_ACCOUNT_CREDIT_TAX</tableName>
        <jdbcType>VARCHAR</jdbcType>
        <precision>250</precision>
      </column>
      <column>
        <label>ALLPAP_DETAILS</label>
        <tableName>MTT_ACCOUNT_CREDIT_TAX</tableName>
        <jdbcType>VARCHAR</jdbcType>
        <precision>250</precision>
      </column>
      <column>
        <label>ARREARS</label>
        <tableName>MTT_ACCOUNT_CREDIT_TAX</tableName>
        <jdbcType>VARCHAR</jdbcType>
        <precision>50</precision>
      </column>
      <column>
        <label>CREDIT_HOLD</label>
        <tableName>MTT_ACCOUNT_CREDIT_TAX</tableName>
        <jdbcType>VARCHAR</jdbcType>
        <precision>50</precision>
      </column>
      <column>
        <label>NATIONAL_HOLD</label>
        <tableName>MTT_ACCOUNT_CREDIT_TAX</tableName>
        <jdbcType>VARCHAR</jdbcType>
        <precision>50</precision>
      </column>
      <column>
        <label>CREDIT_HOLD_DT</label>
        <tableName>MTT_ACCOUNT_CREDIT_TAX</tableName>
        <jdbcType>VARCHAR</jdbcType>
        <precision>250</precision>
      </column>
      <column>
        <label>CREDIT_STATUS_OVERRIDE</label>
        <tableName>MTT_ACCOUNT_CREDIT_TAX</tableName>
        <jdbcType>VARCHAR</jdbcType>
        <precision>50</precision>
      </column>
      <column>
        <label>CHEQUE_LIMIT_AMT</label>
        <tableName>MTT_ACCOUNT_CREDIT_TAX</tableName>
        <jdbcType>REAL</jdbcType>
        <precision>16</precision>
        <scale>2</scale>
      </column>
      <column>
        <label>CHEQUE_LIMIT_CURRENCY_TP_CD</label>
        <tableName>MTT_ACCOUNT_CREDIT_TAX</tableName>
        <jdbcType>BIGINT</jdbcType>
        <precision>19</precision>
      </column>
      <column>
        <label>WET_EXEMPT_IND</label>
        <tableName>MTT_ACCOUNT_CREDIT_TAX</tableName>
        <jdbcType>VARCHAR</jdbcType>
        <precision>1</precision>
      </column>
      <column>
        <label>DUTY_FREE_IND</label>
        <tableName>MTT_ACCOUNT_CREDIT_TAX</tableName>
        <jdbcType>VARCHAR</jdbcType>
        <precision>1</precision>
      </column>
      <column>
        <label>CASH_ON_DELIVERY_IND</label>
        <tableName>MTT_ACCOUNT_CREDIT_TAX</tableName>
        <jdbcType>VARCHAR</jdbcType>
        <precision>1</precision>
      </column>
      <column>
        <label>SALES_REP_TP_CD</label>
        <tableName>MTT_ACCOUNT_CREDIT_TAX</tableName>
        <jdbcType>BIGINT</jdbcType>
        <precision>19</precision>
      </column>
      <column>
        <label>LAST_UPDATE_DT</label>
        <tableName>MTT_ACCOUNT_CREDIT_TAX</tableName>
        <jdbcType>TIMESTAMP</jdbcType>
      </column>
      <column>
        <label>LAST_UPDATE_USER</label>
        <tableName>MTT_ACCOUNT_CREDIT_TAX</tableName>
        <jdbcType>VARCHAR</jdbcType>
        <precision>20</precision>
      </column>
      <column>
        <label>LAST_UPDATE_TX_ID</label>
        <tableName>MTT_ACCOUNT_CREDIT_TAX</tableName>
        <jdbcType>BIGINT</jdbcType>
        <precision>19</precision>
      </column>
    </columns>
  </statement>
</metadata>
