<?xml version='1.0' encoding='utf-8'?>
<!DOCTYPE metadata>
<metadata>
  <statement method='com.metcash.db.custom.entityObject.MTTActOrderInvoiceInquiryData#getMTTActOrderInvoice(Object[])'>
    <parameters>
      <parameter>
        <parameterMode>parameterModeIn</parameterMode>
        <jdbcType>BIGINT</jdbcType>
        <precision>19</precision>
      </parameter>
    </parameters>
    <columns>
      <column>
        <label>MTT_ACT_ORDER_INV_ID</label>
        <tableName>MTT_ACCOUNT_ORDER_INVOICE</tableName>
        <jdbcType>BIGINT</jdbcType>
        <precision>19</precision>
      </column>
      <column>
        <label>CONTRACT_ID</label>
        <tableName>MTT_ACCOUNT_ORDER_INVOICE</tableName>
        <jdbcType>BIGINT</jdbcType>
        <precision>19</precision>
      </column>
      <column>
        <label>PRN_RETAIL_IND</label>
        <tableName>MTT_ACCOUNT_ORDER_INVOICE</tableName>
        <jdbcType>VARCHAR</jdbcType>
        <precision>1</precision>
      </column>
      <column>
        <label>PRN_PRICE_MATCH_SUMMARY_IND</label>
        <tableName>MTT_ACCOUNT_ORDER_INVOICE</tableName>
        <jdbcType>VARCHAR</jdbcType>
        <precision>1</precision>
      </column>
      <column>
        <label>SUBSTITUTE_ITEM_IND</label>
        <tableName>MTT_ACCOUNT_ORDER_INVOICE</tableName>
        <jdbcType>VARCHAR</jdbcType>
        <precision>1</precision>
      </column>
      <column>
        <label>INV_SEQ_TP_CD</label>
        <tableName>MTT_ACCOUNT_ORDER_INVOICE</tableName>
        <jdbcType>BIGINT</jdbcType>
        <precision>19</precision>
      </column>
      <column>
        <label>INV_COPIES_NUM</label>
        <tableName>MTT_ACCOUNT_ORDER_INVOICE</tableName>
        <jdbcType>INTEGER</jdbcType>
        <precision>10</precision>
      </column>
      <column>
        <label>INV_MODE_TP_CD</label>
        <tableName>MTT_ACCOUNT_ORDER_INVOICE</tableName>
        <jdbcType>BIGINT</jdbcType>
        <precision>19</precision>
      </column>
      <column>
        <label>ORDER_GUIDE_TP_CD</label>
        <tableName>MTT_ACCOUNT_ORDER_INVOICE</tableName>
        <jdbcType>BIGINT</jdbcType>
        <precision>19</precision>
      </column>
      <column>
        <label>SEP_ORDER_ITEM_RESRV_IND</label>
        <tableName>MTT_ACCOUNT_ORDER_INVOICE</tableName>
        <jdbcType>VARCHAR</jdbcType>
        <precision>1</precision>
      </column>
      <column>
        <label>SPECIAL_INSTRUCTIONS</label>
        <tableName>MTT_ACCOUNT_ORDER_INVOICE</tableName>
        <jdbcType>VARCHAR</jdbcType>
        <precision>250</precision>
      </column>
      <column>
        <label>PRN_CAT_INV_BRK_TP_CD</label>
        <tableName>MTT_ACCOUNT_ORDER_INVOICE</tableName>
        <jdbcType>BIGINT</jdbcType>
        <precision>19</precision>
      </column>
      <column>
        <label>INV_RECAP_SUMMARY_TP_CD</label>
        <tableName>MTT_ACCOUNT_ORDER_INVOICE</tableName>
        <jdbcType>BIGINT</jdbcType>
        <precision>19</precision>
      </column>
      <column>
        <label>PO_NUM_REQ_IND</label>
        <tableName>MTT_ACCOUNT_ORDER_INVOICE</tableName>
        <jdbcType>VARCHAR</jdbcType>
        <precision>1</precision>
      </column>
      <column>
        <label>PICKUP_DELIVER_TP_CD</label>
        <tableName>MTT_ACCOUNT_ORDER_INVOICE</tableName>
        <jdbcType>BIGINT</jdbcType>
        <precision>19</precision>
      </column>
      <column>
        <label>PRN_ALT_TOBACCO_LICENCE_IND</label>
        <tableName>MTT_ACCOUNT_ORDER_INVOICE</tableName>
        <jdbcType>VARCHAR</jdbcType>
        <precision>1</precision>
      </column>
      <column>
        <label>TOTES_IND</label>
        <tableName>MTT_ACCOUNT_ORDER_INVOICE</tableName>
        <jdbcType>VARCHAR</jdbcType>
        <precision>1</precision>
      </column>
      <column>
        <label>TOTES_TP_CD</label>
        <tableName>MTT_ACCOUNT_ORDER_INVOICE</tableName>
        <jdbcType>BIGINT</jdbcType>
        <precision>19</precision>
      </column>
      <column>
        <label>UNIT_CASE_COST_PRN_TP_CD</label>
        <tableName>MTT_ACCOUNT_ORDER_INVOICE</tableName>
        <jdbcType>BIGINT</jdbcType>
        <precision>19</precision>
      </column>
      <column>
        <label>INV_FORMAT_TP_CD</label>
        <tableName>MTT_ACCOUNT_ORDER_INVOICE</tableName>
        <jdbcType>BIGINT</jdbcType>
        <precision>19</precision>
      </column>
      <column>
        <label>PICK_EACHES_IND</label>
        <tableName>MTT_ACCOUNT_ORDER_INVOICE</tableName>
        <jdbcType>VARCHAR</jdbcType>
        <precision>1</precision>
      </column>
      <column>
        <label>INV_TP_CD</label>
        <tableName>MTT_ACCOUNT_ORDER_INVOICE</tableName>
        <jdbcType>BIGINT</jdbcType>
        <precision>19</precision>
      </column>
      <column>
        <label>INV_STOP_MSG</label>
        <tableName>MTT_ACCOUNT_ORDER_INVOICE</tableName>
        <jdbcType>VARCHAR</jdbcType>
        <precision>250</precision>
      </column>
      <column>
        <label>DEL_PICK_PACK_INV_TP_CD</label>
        <tableName>MTT_ACCOUNT_ORDER_INVOICE</tableName>
        <jdbcType>BIGINT</jdbcType>
        <precision>19</precision>
      </column>
      <column>
        <label>PRN_HO_INV_IND</label>
        <tableName>MTT_ACCOUNT_ORDER_INVOICE</tableName>
        <jdbcType>VARCHAR</jdbcType>
        <precision>1</precision>
      </column>
      <column>
        <label>PRN_WHOLESALE_ON_INV_IND</label>
        <tableName>MTT_ACCOUNT_ORDER_INVOICE</tableName>
        <jdbcType>VARCHAR</jdbcType>
        <precision>1</precision>
      </column>
      <column>
        <label>SEP_INV_PER_CUS_PO_IND</label>
        <tableName>MTT_ACCOUNT_ORDER_INVOICE</tableName>
        <jdbcType>VARCHAR</jdbcType>
        <precision>1</precision>
      </column>
      <column>
        <label>ASN_REQ_IND</label>
        <tableName>MTT_ACCOUNT_ORDER_INVOICE</tableName>
        <jdbcType>VARCHAR</jdbcType>
        <precision>1</precision>
      </column>
      <column>
        <label>EASNMAILBOX</label>
        <tableName>MTT_ACCOUNT_ORDER_INVOICE</tableName>
        <jdbcType>VARCHAR</jdbcType>
        <precision>100</precision>
      </column>
      <column>
        <label>LAST_UPDATE_DT</label>
        <tableName>MTT_ACCOUNT_ORDER_INVOICE</tableName>
        <jdbcType>TIMESTAMP</jdbcType>
      </column>
      <column>
        <label>LAST_UPDATE_USER</label>
        <tableName>MTT_ACCOUNT_ORDER_INVOICE</tableName>
        <jdbcType>VARCHAR</jdbcType>
        <precision>20</precision>
      </column>
      <column>
        <label>LAST_UPDATE_TX_ID</label>
        <tableName>MTT_ACCOUNT_ORDER_INVOICE</tableName>
        <jdbcType>BIGINT</jdbcType>
        <precision>19</precision>
      </column>
    </columns>
  </statement>
  <statement method='com.metcash.db.custom.entityObject.MTTActOrderInvoiceInquiryData#getMTTActOrderInvoiceHistory(Object[])'>
    <parameters>
      <parameter>
        <parameterMode>parameterModeIn</parameterMode>
        <jdbcType>BIGINT</jdbcType>
        <precision>19</precision>
      </parameter>
      <parameter>
        <parameterMode>parameterModeIn</parameterMode>
        <jdbcType>TIMESTAMP</jdbcType>
      </parameter>
      <parameter>
        <parameterMode>parameterModeIn</parameterMode>
        <jdbcType>TIMESTAMP</jdbcType>
      </parameter>
    </parameters>
    <columns>
      <column>
        <label>historyIdPK</label>
        <tableName>MTT_ACCOUNT_ORDER_INVOICE</tableName>
        <jdbcType>BIGINT</jdbcType>
        <precision>19</precision>
      </column>
      <column>
        <label>H_ACTION_CODE</label>
        <tableName>MTT_ACCOUNT_ORDER_INVOICE</tableName>
        <jdbcType>CHAR</jdbcType>
        <precision>1</precision>
      </column>
      <column>
        <label>H_CREATED_BY</label>
        <tableName>MTT_ACCOUNT_ORDER_INVOICE</tableName>
        <jdbcType>VARCHAR</jdbcType>
        <precision>20</precision>
      </column>
      <column>
        <label>H_CREATE_DT</label>
        <tableName>MTT_ACCOUNT_ORDER_INVOICE</tableName>
        <jdbcType>TIMESTAMP</jdbcType>
      </column>
      <column>
        <label>H_END_DT</label>
        <tableName>MTT_ACCOUNT_ORDER_INVOICE</tableName>
        <jdbcType>TIMESTAMP</jdbcType>
      </column>
      <column>
        <label>MTT_ACT_ORDER_INV_ID</label>
        <tableName>MTT_ACCOUNT_ORDER_INVOICE</tableName>
        <jdbcType>BIGINT</jdbcType>
        <precision>19</precision>
      </column>
      <column>
        <label>CONTRACT_ID</label>
        <tableName>MTT_ACCOUNT_ORDER_INVOICE</tableName>
        <jdbcType>BIGINT</jdbcType>
        <precision>19</precision>
      </column>
      <column>
        <label>PRN_RETAIL_IND</label>
        <tableName>MTT_ACCOUNT_ORDER_INVOICE</tableName>
        <jdbcType>VARCHAR</jdbcType>
        <precision>1</precision>
      </column>
      <column>
        <label>PRN_PRICE_MATCH_SUMMARY_IND</label>
        <tableName>MTT_ACCOUNT_ORDER_INVOICE</tableName>
        <jdbcType>VARCHAR</jdbcType>
        <precision>1</precision>
      </column>
      <column>
        <label>SUBSTITUTE_ITEM_IND</label>
        <tableName>MTT_ACCOUNT_ORDER_INVOICE</tableName>
        <jdbcType>VARCHAR</jdbcType>
        <precision>1</precision>
      </column>
      <column>
        <label>INV_SEQ_TP_CD</label>
        <tableName>MTT_ACCOUNT_ORDER_INVOICE</tableName>
        <jdbcType>BIGINT</jdbcType>
        <precision>19</precision>
      </column>
      <column>
        <label>INV_COPIES_NUM</label>
        <tableName>MTT_ACCOUNT_ORDER_INVOICE</tableName>
        <jdbcType>INTEGER</jdbcType>
        <precision>10</precision>
      </column>
      <column>
        <label>INV_MODE_TP_CD</label>
        <tableName>MTT_ACCOUNT_ORDER_INVOICE</tableName>
        <jdbcType>BIGINT</jdbcType>
        <precision>19</precision>
      </column>
      <column>
        <label>ORDER_GUIDE_TP_CD</label>
        <tableName>MTT_ACCOUNT_ORDER_INVOICE</tableName>
        <jdbcType>BIGINT</jdbcType>
        <precision>19</precision>
      </column>
      <column>
        <label>SEP_ORDER_ITEM_RESRV_IND</label>
        <tableName>MTT_ACCOUNT_ORDER_INVOICE</tableName>
        <jdbcType>VARCHAR</jdbcType>
        <precision>1</precision>
      </column>
      <column>
        <label>SPECIAL_INSTRUCTIONS</label>
        <tableName>MTT_ACCOUNT_ORDER_INVOICE</tableName>
        <jdbcType>VARCHAR</jdbcType>
        <precision>250</precision>
      </column>
      <column>
        <label>PRN_CAT_INV_BRK_TP_CD</label>
        <tableName>MTT_ACCOUNT_ORDER_INVOICE</tableName>
        <jdbcType>BIGINT</jdbcType>
        <precision>19</precision>
      </column>
      <column>
        <label>INV_RECAP_SUMMARY_TP_CD</label>
        <tableName>MTT_ACCOUNT_ORDER_INVOICE</tableName>
        <jdbcType>BIGINT</jdbcType>
        <precision>19</precision>
      </column>
      <column>
        <label>PO_NUM_REQ_IND</label>
        <tableName>MTT_ACCOUNT_ORDER_INVOICE</tableName>
        <jdbcType>VARCHAR</jdbcType>
        <precision>1</precision>
      </column>
      <column>
        <label>PICKUP_DELIVER_TP_CD</label>
        <tableName>MTT_ACCOUNT_ORDER_INVOICE</tableName>
        <jdbcType>BIGINT</jdbcType>
        <precision>19</precision>
      </column>
      <column>
        <label>PRN_ALT_TOBACCO_LICENCE_IND</label>
        <tableName>MTT_ACCOUNT_ORDER_INVOICE</tableName>
        <jdbcType>VARCHAR</jdbcType>
        <precision>1</precision>
      </column>
      <column>
        <label>TOTES_IND</label>
        <tableName>MTT_ACCOUNT_ORDER_INVOICE</tableName>
        <jdbcType>VARCHAR</jdbcType>
        <precision>1</precision>
      </column>
      <column>
        <label>TOTES_TP_CD</label>
        <tableName>MTT_ACCOUNT_ORDER_INVOICE</tableName>
        <jdbcType>BIGINT</jdbcType>
        <precision>19</precision>
      </column>
      <column>
        <label>UNIT_CASE_COST_PRN_TP_CD</label>
        <tableName>MTT_ACCOUNT_ORDER_INVOICE</tableName>
        <jdbcType>BIGINT</jdbcType>
        <precision>19</precision>
      </column>
      <column>
        <label>INV_FORMAT_TP_CD</label>
        <tableName>MTT_ACCOUNT_ORDER_INVOICE</tableName>
        <jdbcType>BIGINT</jdbcType>
        <precision>19</precision>
      </column>
      <column>
        <label>PICK_EACHES_IND</label>
        <tableName>MTT_ACCOUNT_ORDER_INVOICE</tableName>
        <jdbcType>VARCHAR</jdbcType>
        <precision>1</precision>
      </column>
      <column>
        <label>INV_TP_CD</label>
        <tableName>MTT_ACCOUNT_ORDER_INVOICE</tableName>
        <jdbcType>BIGINT</jdbcType>
        <precision>19</precision>
      </column>
      <column>
        <label>INV_STOP_MSG</label>
        <tableName>MTT_ACCOUNT_ORDER_INVOICE</tableName>
        <jdbcType>VARCHAR</jdbcType>
        <precision>250</precision>
      </column>
      <column>
        <label>DEL_PICK_PACK_INV_TP_CD</label>
        <tableName>MTT_ACCOUNT_ORDER_INVOICE</tableName>
        <jdbcType>BIGINT</jdbcType>
        <precision>19</precision>
      </column>
      <column>
        <label>PRN_HO_INV_IND</label>
        <tableName>MTT_ACCOUNT_ORDER_INVOICE</tableName>
        <jdbcType>VARCHAR</jdbcType>
        <precision>1</precision>
      </column>
      <column>
        <label>PRN_WHOLESALE_ON_INV_IND</label>
        <tableName>MTT_ACCOUNT_ORDER_INVOICE</tableName>
        <jdbcType>VARCHAR</jdbcType>
        <precision>1</precision>
      </column>
      <column>
        <label>SEP_INV_PER_CUS_PO_IND</label>
        <tableName>MTT_ACCOUNT_ORDER_INVOICE</tableName>
        <jdbcType>VARCHAR</jdbcType>
        <precision>1</precision>
      </column>
      <column>
        <label>ASN_REQ_IND</label>
        <tableName>MTT_ACCOUNT_ORDER_INVOICE</tableName>
        <jdbcType>VARCHAR</jdbcType>
        <precision>1</precision>
      </column>
      <column>
        <label>EASNMAILBOX</label>
        <tableName>MTT_ACCOUNT_ORDER_INVOICE</tableName>
        <jdbcType>VARCHAR</jdbcType>
        <precision>100</precision>
      </column>
      <column>
        <label>LAST_UPDATE_DT</label>
        <tableName>MTT_ACCOUNT_ORDER_INVOICE</tableName>
        <jdbcType>TIMESTAMP</jdbcType>
      </column>
      <column>
        <label>LAST_UPDATE_USER</label>
        <tableName>MTT_ACCOUNT_ORDER_INVOICE</tableName>
        <jdbcType>VARCHAR</jdbcType>
        <precision>20</precision>
      </column>
      <column>
        <label>LAST_UPDATE_TX_ID</label>
        <tableName>MTT_ACCOUNT_ORDER_INVOICE</tableName>
        <jdbcType>BIGINT</jdbcType>
        <precision>19</precision>
      </column>
    </columns>
  </statement>
  <statement method='com.metcash.db.custom.entityObject.MTTActOrderInvoiceInquiryData#getAllMTTOrderInvoiceByID(Object[])'>
    <parameters>
      <parameter>
        <parameterMode>parameterModeIn</parameterMode>
        <jdbcType>BIGINT</jdbcType>
        <precision>19</precision>
      </parameter>
    </parameters>
    <columns>
      <column>
        <label>MTT_ACT_ORDER_INV_ID</label>
        <tableName>MTT_ACCOUNT_ORDER_INVOICE</tableName>
        <jdbcType>BIGINT</jdbcType>
        <precision>19</precision>
      </column>
      <column>
        <label>CONTRACT_ID</label>
        <tableName>MTT_ACCOUNT_ORDER_INVOICE</tableName>
        <jdbcType>BIGINT</jdbcType>
        <precision>19</precision>
      </column>
      <column>
        <label>PRN_RETAIL_IND</label>
        <tableName>MTT_ACCOUNT_ORDER_INVOICE</tableName>
        <jdbcType>VARCHAR</jdbcType>
        <precision>1</precision>
      </column>
      <column>
        <label>PRN_PRICE_MATCH_SUMMARY_IND</label>
        <tableName>MTT_ACCOUNT_ORDER_INVOICE</tableName>
        <jdbcType>VARCHAR</jdbcType>
        <precision>1</precision>
      </column>
      <column>
        <label>SUBSTITUTE_ITEM_IND</label>
        <tableName>MTT_ACCOUNT_ORDER_INVOICE</tableName>
        <jdbcType>VARCHAR</jdbcType>
        <precision>1</precision>
      </column>
      <column>
        <label>INV_SEQ_TP_CD</label>
        <tableName>MTT_ACCOUNT_ORDER_INVOICE</tableName>
        <jdbcType>BIGINT</jdbcType>
        <precision>19</precision>
      </column>
      <column>
        <label>INV_COPIES_NUM</label>
        <tableName>MTT_ACCOUNT_ORDER_INVOICE</tableName>
        <jdbcType>INTEGER</jdbcType>
        <precision>10</precision>
      </column>
      <column>
        <label>INV_MODE_TP_CD</label>
        <tableName>MTT_ACCOUNT_ORDER_INVOICE</tableName>
        <jdbcType>BIGINT</jdbcType>
        <precision>19</precision>
      </column>
      <column>
        <label>ORDER_GUIDE_TP_CD</label>
        <tableName>MTT_ACCOUNT_ORDER_INVOICE</tableName>
        <jdbcType>BIGINT</jdbcType>
        <precision>19</precision>
      </column>
      <column>
        <label>SEP_ORDER_ITEM_RESRV_IND</label>
        <tableName>MTT_ACCOUNT_ORDER_INVOICE</tableName>
        <jdbcType>VARCHAR</jdbcType>
        <precision>1</precision>
      </column>
      <column>
        <label>SPECIAL_INSTRUCTIONS</label>
        <tableName>MTT_ACCOUNT_ORDER_INVOICE</tableName>
        <jdbcType>VARCHAR</jdbcType>
        <precision>250</precision>
      </column>
      <column>
        <label>PRN_CAT_INV_BRK_TP_CD</label>
        <tableName>MTT_ACCOUNT_ORDER_INVOICE</tableName>
        <jdbcType>BIGINT</jdbcType>
        <precision>19</precision>
      </column>
      <column>
        <label>INV_RECAP_SUMMARY_TP_CD</label>
        <tableName>MTT_ACCOUNT_ORDER_INVOICE</tableName>
        <jdbcType>BIGINT</jdbcType>
        <precision>19</precision>
      </column>
      <column>
        <label>PO_NUM_REQ_IND</label>
        <tableName>MTT_ACCOUNT_ORDER_INVOICE</tableName>
        <jdbcType>VARCHAR</jdbcType>
        <precision>1</precision>
      </column>
      <column>
        <label>PICKUP_DELIVER_TP_CD</label>
        <tableName>MTT_ACCOUNT_ORDER_INVOICE</tableName>
        <jdbcType>BIGINT</jdbcType>
        <precision>19</precision>
      </column>
      <column>
        <label>PRN_ALT_TOBACCO_LICENCE_IND</label>
        <tableName>MTT_ACCOUNT_ORDER_INVOICE</tableName>
        <jdbcType>VARCHAR</jdbcType>
        <precision>1</precision>
      </column>
      <column>
        <label>TOTES_IND</label>
        <tableName>MTT_ACCOUNT_ORDER_INVOICE</tableName>
        <jdbcType>VARCHAR</jdbcType>
        <precision>1</precision>
      </column>
      <column>
        <label>TOTES_TP_CD</label>
        <tableName>MTT_ACCOUNT_ORDER_INVOICE</tableName>
        <jdbcType>BIGINT</jdbcType>
        <precision>19</precision>
      </column>
      <column>
        <label>UNIT_CASE_COST_PRN_TP_CD</label>
        <tableName>MTT_ACCOUNT_ORDER_INVOICE</tableName>
        <jdbcType>BIGINT</jdbcType>
        <precision>19</precision>
      </column>
      <column>
        <label>INV_FORMAT_TP_CD</label>
        <tableName>MTT_ACCOUNT_ORDER_INVOICE</tableName>
        <jdbcType>BIGINT</jdbcType>
        <precision>19</precision>
      </column>
      <column>
        <label>PICK_EACHES_IND</label>
        <tableName>MTT_ACCOUNT_ORDER_INVOICE</tableName>
        <jdbcType>VARCHAR</jdbcType>
        <precision>1</precision>
      </column>
      <column>
        <label>INV_TP_CD</label>
        <tableName>MTT_ACCOUNT_ORDER_INVOICE</tableName>
        <jdbcType>BIGINT</jdbcType>
        <precision>19</precision>
      </column>
      <column>
        <label>INV_STOP_MSG</label>
        <tableName>MTT_ACCOUNT_ORDER_INVOICE</tableName>
        <jdbcType>VARCHAR</jdbcType>
        <precision>250</precision>
      </column>
      <column>
        <label>DEL_PICK_PACK_INV_TP_CD</label>
        <tableName>MTT_ACCOUNT_ORDER_INVOICE</tableName>
        <jdbcType>BIGINT</jdbcType>
        <precision>19</precision>
      </column>
      <column>
        <label>PRN_HO_INV_IND</label>
        <tableName>MTT_ACCOUNT_ORDER_INVOICE</tableName>
        <jdbcType>VARCHAR</jdbcType>
        <precision>1</precision>
      </column>
      <column>
        <label>PRN_WHOLESALE_ON_INV_IND</label>
        <tableName>MTT_ACCOUNT_ORDER_INVOICE</tableName>
        <jdbcType>VARCHAR</jdbcType>
        <precision>1</precision>
      </column>
      <column>
        <label>SEP_INV_PER_CUS_PO_IND</label>
        <tableName>MTT_ACCOUNT_ORDER_INVOICE</tableName>
        <jdbcType>VARCHAR</jdbcType>
        <precision>1</precision>
      </column>
      <column>
        <label>ASN_REQ_IND</label>
        <tableName>MTT_ACCOUNT_ORDER_INVOICE</tableName>
        <jdbcType>VARCHAR</jdbcType>
        <precision>1</precision>
      </column>
      <column>
        <label>EASNMAILBOX</label>
        <tableName>MTT_ACCOUNT_ORDER_INVOICE</tableName>
        <jdbcType>VARCHAR</jdbcType>
        <precision>100</precision>
      </column>
      <column>
        <label>LAST_UPDATE_DT</label>
        <tableName>MTT_ACCOUNT_ORDER_INVOICE</tableName>
        <jdbcType>TIMESTAMP</jdbcType>
      </column>
      <column>
        <label>LAST_UPDATE_USER</label>
        <tableName>MTT_ACCOUNT_ORDER_INVOICE</tableName>
        <jdbcType>VARCHAR</jdbcType>
        <precision>20</precision>
      </column>
      <column>
        <label>LAST_UPDATE_TX_ID</label>
        <tableName>MTT_ACCOUNT_ORDER_INVOICE</tableName>
        <jdbcType>BIGINT</jdbcType>
        <precision>19</precision>
      </column>
    </columns>
  </statement>
  <statement method='com.metcash.db.custom.entityObject.MTTActOrderInvoiceInquiryData#getAllMTTOrderInvoiceByIDHistory(Object[])'>
    <parameters>
      <parameter>
        <parameterMode>parameterModeIn</parameterMode>
        <jdbcType>BIGINT</jdbcType>
        <precision>19</precision>
      </parameter>
      <parameter>
        <parameterMode>parameterModeIn</parameterMode>
        <jdbcType>TIMESTAMP</jdbcType>
      </parameter>
      <parameter>
        <parameterMode>parameterModeIn</parameterMode>
        <jdbcType>TIMESTAMP</jdbcType>
      </parameter>
    </parameters>
    <columns>
      <column>
        <label>historyIdPK</label>
        <tableName>MTT_ACCOUNT_ORDER_INVOICE</tableName>
        <jdbcType>BIGINT</jdbcType>
        <precision>19</precision>
      </column>
      <column>
        <label>H_ACTION_CODE</label>
        <tableName>MTT_ACCOUNT_ORDER_INVOICE</tableName>
        <jdbcType>CHAR</jdbcType>
        <precision>1</precision>
      </column>
      <column>
        <label>H_CREATED_BY</label>
        <tableName>MTT_ACCOUNT_ORDER_INVOICE</tableName>
        <jdbcType>VARCHAR</jdbcType>
        <precision>20</precision>
      </column>
      <column>
        <label>H_CREATE_DT</label>
        <tableName>MTT_ACCOUNT_ORDER_INVOICE</tableName>
        <jdbcType>TIMESTAMP</jdbcType>
      </column>
      <column>
        <label>H_END_DT</label>
        <tableName>MTT_ACCOUNT_ORDER_INVOICE</tableName>
        <jdbcType>TIMESTAMP</jdbcType>
      </column>
      <column>
        <label>MTT_ACT_ORDER_INV_ID</label>
        <tableName>MTT_ACCOUNT_ORDER_INVOICE</tableName>
        <jdbcType>BIGINT</jdbcType>
        <precision>19</precision>
      </column>
      <column>
        <label>CONTRACT_ID</label>
        <tableName>MTT_ACCOUNT_ORDER_INVOICE</tableName>
        <jdbcType>BIGINT</jdbcType>
        <precision>19</precision>
      </column>
      <column>
        <label>PRN_RETAIL_IND</label>
        <tableName>MTT_ACCOUNT_ORDER_INVOICE</tableName>
        <jdbcType>VARCHAR</jdbcType>
        <precision>1</precision>
      </column>
      <column>
        <label>PRN_PRICE_MATCH_SUMMARY_IND</label>
        <tableName>MTT_ACCOUNT_ORDER_INVOICE</tableName>
        <jdbcType>VARCHAR</jdbcType>
        <precision>1</precision>
      </column>
      <column>
        <label>SUBSTITUTE_ITEM_IND</label>
        <tableName>MTT_ACCOUNT_ORDER_INVOICE</tableName>
        <jdbcType>VARCHAR</jdbcType>
        <precision>1</precision>
      </column>
      <column>
        <label>INV_SEQ_TP_CD</label>
        <tableName>MTT_ACCOUNT_ORDER_INVOICE</tableName>
        <jdbcType>BIGINT</jdbcType>
        <precision>19</precision>
      </column>
      <column>
        <label>INV_COPIES_NUM</label>
        <tableName>MTT_ACCOUNT_ORDER_INVOICE</tableName>
        <jdbcType>INTEGER</jdbcType>
        <precision>10</precision>
      </column>
      <column>
        <label>INV_MODE_TP_CD</label>
        <tableName>MTT_ACCOUNT_ORDER_INVOICE</tableName>
        <jdbcType>BIGINT</jdbcType>
        <precision>19</precision>
      </column>
      <column>
        <label>ORDER_GUIDE_TP_CD</label>
        <tableName>MTT_ACCOUNT_ORDER_INVOICE</tableName>
        <jdbcType>BIGINT</jdbcType>
        <precision>19</precision>
      </column>
      <column>
        <label>SEP_ORDER_ITEM_RESRV_IND</label>
        <tableName>MTT_ACCOUNT_ORDER_INVOICE</tableName>
        <jdbcType>VARCHAR</jdbcType>
        <precision>1</precision>
      </column>
      <column>
        <label>SPECIAL_INSTRUCTIONS</label>
        <tableName>MTT_ACCOUNT_ORDER_INVOICE</tableName>
        <jdbcType>VARCHAR</jdbcType>
        <precision>250</precision>
      </column>
      <column>
        <label>PRN_CAT_INV_BRK_TP_CD</label>
        <tableName>MTT_ACCOUNT_ORDER_INVOICE</tableName>
        <jdbcType>BIGINT</jdbcType>
        <precision>19</precision>
      </column>
      <column>
        <label>INV_RECAP_SUMMARY_TP_CD</label>
        <tableName>MTT_ACCOUNT_ORDER_INVOICE</tableName>
        <jdbcType>BIGINT</jdbcType>
        <precision>19</precision>
      </column>
      <column>
        <label>PO_NUM_REQ_IND</label>
        <tableName>MTT_ACCOUNT_ORDER_INVOICE</tableName>
        <jdbcType>VARCHAR</jdbcType>
        <precision>1</precision>
      </column>
      <column>
        <label>PICKUP_DELIVER_TP_CD</label>
        <tableName>MTT_ACCOUNT_ORDER_INVOICE</tableName>
        <jdbcType>BIGINT</jdbcType>
        <precision>19</precision>
      </column>
      <column>
        <label>PRN_ALT_TOBACCO_LICENCE_IND</label>
        <tableName>MTT_ACCOUNT_ORDER_INVOICE</tableName>
        <jdbcType>VARCHAR</jdbcType>
        <precision>1</precision>
      </column>
      <column>
        <label>TOTES_IND</label>
        <tableName>MTT_ACCOUNT_ORDER_INVOICE</tableName>
        <jdbcType>VARCHAR</jdbcType>
        <precision>1</precision>
      </column>
      <column>
        <label>TOTES_TP_CD</label>
        <tableName>MTT_ACCOUNT_ORDER_INVOICE</tableName>
        <jdbcType>BIGINT</jdbcType>
        <precision>19</precision>
      </column>
      <column>
        <label>UNIT_CASE_COST_PRN_TP_CD</label>
        <tableName>MTT_ACCOUNT_ORDER_INVOICE</tableName>
        <jdbcType>BIGINT</jdbcType>
        <precision>19</precision>
      </column>
      <column>
        <label>INV_FORMAT_TP_CD</label>
        <tableName>MTT_ACCOUNT_ORDER_INVOICE</tableName>
        <jdbcType>BIGINT</jdbcType>
        <precision>19</precision>
      </column>
      <column>
        <label>PICK_EACHES_IND</label>
        <tableName>MTT_ACCOUNT_ORDER_INVOICE</tableName>
        <jdbcType>VARCHAR</jdbcType>
        <precision>1</precision>
      </column>
      <column>
        <label>INV_TP_CD</label>
        <tableName>MTT_ACCOUNT_ORDER_INVOICE</tableName>
        <jdbcType>BIGINT</jdbcType>
        <precision>19</precision>
      </column>
      <column>
        <label>INV_STOP_MSG</label>
        <tableName>MTT_ACCOUNT_ORDER_INVOICE</tableName>
        <jdbcType>VARCHAR</jdbcType>
        <precision>250</precision>
      </column>
      <column>
        <label>DEL_PICK_PACK_INV_TP_CD</label>
        <tableName>MTT_ACCOUNT_ORDER_INVOICE</tableName>
        <jdbcType>BIGINT</jdbcType>
        <precision>19</precision>
      </column>
      <column>
        <label>PRN_HO_INV_IND</label>
        <tableName>MTT_ACCOUNT_ORDER_INVOICE</tableName>
        <jdbcType>VARCHAR</jdbcType>
        <precision>1</precision>
      </column>
      <column>
        <label>PRN_WHOLESALE_ON_INV_IND</label>
        <tableName>MTT_ACCOUNT_ORDER_INVOICE</tableName>
        <jdbcType>VARCHAR</jdbcType>
        <precision>1</precision>
      </column>
      <column>
        <label>SEP_INV_PER_CUS_PO_IND</label>
        <tableName>MTT_ACCOUNT_ORDER_INVOICE</tableName>
        <jdbcType>VARCHAR</jdbcType>
        <precision>1</precision>
      </column>
      <column>
        <label>ASN_REQ_IND</label>
        <tableName>MTT_ACCOUNT_ORDER_INVOICE</tableName>
        <jdbcType>VARCHAR</jdbcType>
        <precision>1</precision>
      </column>
      <column>
        <label>EASNMAILBOX</label>
        <tableName>MTT_ACCOUNT_ORDER_INVOICE</tableName>
        <jdbcType>VARCHAR</jdbcType>
        <precision>100</precision>
      </column>
      <column>
        <label>LAST_UPDATE_DT</label>
        <tableName>MTT_ACCOUNT_ORDER_INVOICE</tableName>
        <jdbcType>TIMESTAMP</jdbcType>
      </column>
      <column>
        <label>LAST_UPDATE_USER</label>
        <tableName>MTT_ACCOUNT_ORDER_INVOICE</tableName>
        <jdbcType>VARCHAR</jdbcType>
        <precision>20</precision>
      </column>
      <column>
        <label>LAST_UPDATE_TX_ID</label>
        <tableName>MTT_ACCOUNT_ORDER_INVOICE</tableName>
        <jdbcType>BIGINT</jdbcType>
        <precision>19</precision>
      </column>
    </columns>
  </statement>
</metadata>
