<?xml version='1.0' encoding='utf-8'?>
<!DOCTYPE metadata>
<metadata>
  <statement method='com.metcash.db.custom.entityObject.EObjMTTActFinancialData#getEObjMTTActFinancial(Long)'>
    <parameters>
      <parameter>
        <parameterMode>parameterModeIn</parameterMode>
        <jdbcType>BIGINT</jdbcType>
        <precision>19</precision>
      </parameter>
    </parameters>
    <columns>
      <column>
        <label>MTT_ACT_FINANCIAL_ID</label>
        <tableName>MTT_ACCOUNT_FINANCIAL</tableName>
        <jdbcType>BIGINT</jdbcType>
        <precision>19</precision>
      </column>
      <column>
        <label>CONTRACT_ID</label>
        <tableName>MTT_ACCOUNT_FINANCIAL</tableName>
        <jdbcType>BIGINT</jdbcType>
        <precision>19</precision>
      </column>
      <column>
        <label>STATEMENT_MODE_TP_CD</label>
        <tableName>MTT_ACCOUNT_FINANCIAL</tableName>
        <jdbcType>BIGINT</jdbcType>
        <precision>19</precision>
      </column>
      <column>
        <label>DUE_GRACE_DAYS_TP_CD</label>
        <tableName>MTT_ACCOUNT_FINANCIAL</tableName>
        <jdbcType>BIGINT</jdbcType>
        <precision>19</precision>
      </column>
      <column>
        <label>TOBACCO_GRACE_DAYS_TP_CD</label>
        <tableName>MTT_ACCOUNT_FINANCIAL</tableName>
        <jdbcType>BIGINT</jdbcType>
        <precision>19</precision>
      </column>
      <column>
        <label>BANK_TP_CD</label>
        <tableName>MTT_ACCOUNT_FINANCIAL</tableName>
        <jdbcType>BIGINT</jdbcType>
        <precision>19</precision>
      </column>
      <column>
        <label>BPAY_IND</label>
        <tableName>MTT_ACCOUNT_FINANCIAL</tableName>
        <jdbcType>VARCHAR</jdbcType>
        <precision>1</precision>
      </column>
      <column>
        <label>STATEMENT_PRN_HOLD_IND</label>
        <tableName>MTT_ACCOUNT_FINANCIAL</tableName>
        <jdbcType>VARCHAR</jdbcType>
        <precision>1</precision>
      </column>
      <column>
        <label>BPAY_CUS_REF_NUM</label>
        <tableName>MTT_ACCOUNT_FINANCIAL</tableName>
        <jdbcType>INTEGER</jdbcType>
        <precision>10</precision>
      </column>
      <column>
        <label>COLLECTOR_TP_CD</label>
        <tableName>MTT_ACCOUNT_FINANCIAL</tableName>
        <jdbcType>BIGINT</jdbcType>
        <precision>19</precision>
      </column>
      <column>
        <label>BANK_ACCOUNT_TP_CD</label>
        <tableName>MTT_ACCOUNT_FINANCIAL</tableName>
        <jdbcType>BIGINT</jdbcType>
        <precision>19</precision>
      </column>
      <column>
        <label>EXT_TERMS_BY_SHIPDATE_IND</label>
        <tableName>MTT_ACCOUNT_FINANCIAL</tableName>
        <jdbcType>VARCHAR</jdbcType>
        <precision>1</precision>
      </column>
      <column>
        <label>SETTLEMENT_DISC_IND</label>
        <tableName>MTT_ACCOUNT_FINANCIAL</tableName>
        <jdbcType>VARCHAR</jdbcType>
        <precision>1</precision>
      </column>
      <column>
        <label>ACCOUNT_DETAILS</label>
        <tableName>MTT_ACCOUNT_FINANCIAL</tableName>
        <jdbcType>VARCHAR</jdbcType>
        <precision>250</precision>
      </column>
      <column>
        <label>DISC_GRACE_DAYS_TP_CD</label>
        <tableName>MTT_ACCOUNT_FINANCIAL</tableName>
        <jdbcType>BIGINT</jdbcType>
        <precision>19</precision>
      </column>
      <column>
        <label>PAYMENT_METHOD_TP_CD</label>
        <tableName>MTT_ACCOUNT_FINANCIAL</tableName>
        <jdbcType>BIGINT</jdbcType>
        <precision>19</precision>
      </column>
      <column>
        <label>LMAA_NUM</label>
        <tableName>MTT_ACCOUNT_FINANCIAL</tableName>
        <jdbcType>VARCHAR</jdbcType>
        <precision>100</precision>
      </column>
      <column>
        <label>LAST_UPDATE_DT</label>
        <tableName>MTT_ACCOUNT_FINANCIAL</tableName>
        <jdbcType>TIMESTAMP</jdbcType>
      </column>
      <column>
        <label>LAST_UPDATE_USER</label>
        <tableName>MTT_ACCOUNT_FINANCIAL</tableName>
        <jdbcType>VARCHAR</jdbcType>
        <precision>20</precision>
      </column>
      <column>
        <label>LAST_UPDATE_TX_ID</label>
        <tableName>MTT_ACCOUNT_FINANCIAL</tableName>
        <jdbcType>BIGINT</jdbcType>
        <precision>19</precision>
      </column>
    </columns>
  </statement>
  <statement method='com.metcash.db.custom.entityObject.EObjMTTActFinancialData#createEObjMTTActFinancial(com.metcash.db.custom.entityObject.EObjMTTActFinancial)'>
    <parameters>
      <parameter>
        <parameterMode>parameterModeIn</parameterMode>
        <jdbcType>BIGINT</jdbcType>
        <precision>19</precision>
      </parameter>
      <parameter>
        <parameterMode>parameterModeIn</parameterMode>
        <jdbcType>BIGINT</jdbcType>
        <precision>19</precision>
      </parameter>
      <parameter>
        <parameterMode>parameterModeIn</parameterMode>
        <jdbcType>BIGINT</jdbcType>
        <precision>19</precision>
      </parameter>
      <parameter>
        <parameterMode>parameterModeIn</parameterMode>
        <jdbcType>BIGINT</jdbcType>
        <precision>19</precision>
      </parameter>
      <parameter>
        <parameterMode>parameterModeIn</parameterMode>
        <jdbcType>BIGINT</jdbcType>
        <precision>19</precision>
      </parameter>
      <parameter>
        <parameterMode>parameterModeIn</parameterMode>
        <jdbcType>BIGINT</jdbcType>
        <precision>19</precision>
      </parameter>
      <parameter>
        <parameterMode>parameterModeIn</parameterMode>
        <jdbcType>VARCHAR</jdbcType>
        <precision>1</precision>
      </parameter>
      <parameter>
        <parameterMode>parameterModeIn</parameterMode>
        <jdbcType>VARCHAR</jdbcType>
        <precision>1</precision>
      </parameter>
      <parameter>
        <parameterMode>parameterModeIn</parameterMode>
        <jdbcType>INTEGER</jdbcType>
        <precision>10</precision>
      </parameter>
      <parameter>
        <parameterMode>parameterModeIn</parameterMode>
        <jdbcType>BIGINT</jdbcType>
        <precision>19</precision>
      </parameter>
      <parameter>
        <parameterMode>parameterModeIn</parameterMode>
        <jdbcType>BIGINT</jdbcType>
        <precision>19</precision>
      </parameter>
      <parameter>
        <parameterMode>parameterModeIn</parameterMode>
        <jdbcType>VARCHAR</jdbcType>
        <precision>1</precision>
      </parameter>
      <parameter>
        <parameterMode>parameterModeIn</parameterMode>
        <jdbcType>VARCHAR</jdbcType>
        <precision>1</precision>
      </parameter>
      <parameter>
        <parameterMode>parameterModeIn</parameterMode>
        <jdbcType>VARCHAR</jdbcType>
        <precision>250</precision>
      </parameter>
      <parameter>
        <parameterMode>parameterModeIn</parameterMode>
        <jdbcType>BIGINT</jdbcType>
        <precision>19</precision>
      </parameter>
      <parameter>
        <parameterMode>parameterModeIn</parameterMode>
        <jdbcType>BIGINT</jdbcType>
        <precision>19</precision>
      </parameter>
      <parameter>
        <parameterMode>parameterModeIn</parameterMode>
        <jdbcType>VARCHAR</jdbcType>
        <precision>100</precision>
      </parameter>
      <parameter>
        <parameterMode>parameterModeIn</parameterMode>
        <jdbcType>TIMESTAMP</jdbcType>
      </parameter>
      <parameter>
        <parameterMode>parameterModeIn</parameterMode>
        <jdbcType>VARCHAR</jdbcType>
      </parameter>
      <parameter>
        <parameterMode>parameterModeIn</parameterMode>
        <jdbcType>BIGINT</jdbcType>
        <precision>19</precision>
      </parameter>
    </parameters>
  </statement>
  <statement method='com.metcash.db.custom.entityObject.EObjMTTActFinancialData#updateEObjMTTActFinancial(com.metcash.db.custom.entityObject.EObjMTTActFinancial)'>
    <parameters>
      <parameter>
        <parameterMode>parameterModeIn</parameterMode>
        <jdbcType>BIGINT</jdbcType>
        <precision>19</precision>
      </parameter>
      <parameter>
        <parameterMode>parameterModeIn</parameterMode>
        <jdbcType>BIGINT</jdbcType>
        <precision>19</precision>
      </parameter>
      <parameter>
        <parameterMode>parameterModeIn</parameterMode>
        <jdbcType>BIGINT</jdbcType>
        <precision>19</precision>
      </parameter>
      <parameter>
        <parameterMode>parameterModeIn</parameterMode>
        <jdbcType>BIGINT</jdbcType>
        <precision>19</precision>
      </parameter>
      <parameter>
        <parameterMode>parameterModeIn</parameterMode>
        <jdbcType>BIGINT</jdbcType>
        <precision>19</precision>
      </parameter>
      <parameter>
        <parameterMode>parameterModeIn</parameterMode>
        <jdbcType>VARCHAR</jdbcType>
        <precision>1</precision>
      </parameter>
      <parameter>
        <parameterMode>parameterModeIn</parameterMode>
        <jdbcType>VARCHAR</jdbcType>
        <precision>1</precision>
      </parameter>
      <parameter>
        <parameterMode>parameterModeIn</parameterMode>
        <jdbcType>INTEGER</jdbcType>
        <precision>10</precision>
      </parameter>
      <parameter>
        <parameterMode>parameterModeIn</parameterMode>
        <jdbcType>BIGINT</jdbcType>
        <precision>19</precision>
      </parameter>
      <parameter>
        <parameterMode>parameterModeIn</parameterMode>
        <jdbcType>BIGINT</jdbcType>
        <precision>19</precision>
      </parameter>
      <parameter>
        <parameterMode>parameterModeIn</parameterMode>
        <jdbcType>VARCHAR</jdbcType>
        <precision>1</precision>
      </parameter>
      <parameter>
        <parameterMode>parameterModeIn</parameterMode>
        <jdbcType>VARCHAR</jdbcType>
        <precision>1</precision>
      </parameter>
      <parameter>
        <parameterMode>parameterModeIn</parameterMode>
        <jdbcType>VARCHAR</jdbcType>
        <precision>250</precision>
      </parameter>
      <parameter>
        <parameterMode>parameterModeIn</parameterMode>
        <jdbcType>BIGINT</jdbcType>
        <precision>19</precision>
      </parameter>
      <parameter>
        <parameterMode>parameterModeIn</parameterMode>
        <jdbcType>BIGINT</jdbcType>
        <precision>19</precision>
      </parameter>
      <parameter>
        <parameterMode>parameterModeIn</parameterMode>
        <jdbcType>VARCHAR</jdbcType>
        <precision>100</precision>
      </parameter>
      <parameter>
        <parameterMode>parameterModeIn</parameterMode>
        <jdbcType>TIMESTAMP</jdbcType>
      </parameter>
      <parameter>
        <parameterMode>parameterModeIn</parameterMode>
        <jdbcType>VARCHAR</jdbcType>
      </parameter>
      <parameter>
        <parameterMode>parameterModeIn</parameterMode>
        <jdbcType>BIGINT</jdbcType>
        <precision>19</precision>
      </parameter>
      <parameter>
        <parameterMode>parameterModeIn</parameterMode>
        <jdbcType>BIGINT</jdbcType>
        <precision>19</precision>
      </parameter>
      <parameter>
        <parameterMode>parameterModeIn</parameterMode>
        <jdbcType>TIMESTAMP</jdbcType>
      </parameter>
    </parameters>
  </statement>
  <statement method='com.metcash.db.custom.entityObject.EObjMTTActFinancialData#deleteEObjMTTActFinancial(Long)'>
    <parameters>
      <parameter>
        <parameterMode>parameterModeIn</parameterMode>
        <jdbcType>BIGINT</jdbcType>
        <precision>19</precision>
      </parameter>
    </parameters>
  </statement>
</metadata>
