<?xml version='1.0' encoding='utf-8'?>
<!DOCTYPE metadata>
<metadata>
  <statement method='com.metcash.db.custom.entityObject.EObjMTTActReportingData#getEObjMTTActReporting(Long)'>
    <parameters>
      <parameter>
        <parameterMode>parameterModeIn</parameterMode>
        <jdbcType>BIGINT</jdbcType>
        <precision>19</precision>
      </parameter>
    </parameters>
    <columns>
      <column>
        <label>MTT_ACT_REPORTING_ID</label>
        <tableName>MTT_ACCOUNT_REPORTING</tableName>
        <jdbcType>BIGINT</jdbcType>
        <precision>19</precision>
      </column>
      <column>
        <label>CHANNEL_GRP_TP_CD</label>
        <tableName>MTT_ACCOUNT_REPORTING</tableName>
        <jdbcType>BIGINT</jdbcType>
        <precision>19</precision>
      </column>
      <column>
        <label>GOV_CONTRACT_IND</label>
        <tableName>MTT_ACCOUNT_REPORTING</tableName>
        <jdbcType>VARCHAR</jdbcType>
        <precision>1</precision>
      </column>
      <column>
        <label>CAPRICORN_NUM</label>
        <tableName>MTT_ACCOUNT_REPORTING</tableName>
        <jdbcType>INTEGER</jdbcType>
        <precision>10</precision>
      </column>
      <column>
        <label>IGAD_PERISHABLE_IND</label>
        <tableName>MTT_ACCOUNT_REPORTING</tableName>
        <jdbcType>VARCHAR</jdbcType>
        <precision>1</precision>
      </column>
      <column>
        <label>AGENT_NUM_TP_CD</label>
        <tableName>MTT_ACCOUNT_REPORTING</tableName>
        <jdbcType>BIGINT</jdbcType>
        <precision>19</precision>
      </column>
      <column>
        <label>USER_LOCALITY_TP_CD</label>
        <tableName>MTT_ACCOUNT_REPORTING</tableName>
        <jdbcType>BIGINT</jdbcType>
        <precision>19</precision>
      </column>
      <column>
        <label>CUS_CLASS_TP_CD</label>
        <tableName>MTT_ACCOUNT_REPORTING</tableName>
        <jdbcType>BIGINT</jdbcType>
        <precision>19</precision>
      </column>
      <column>
        <label>SHOW_PRICES_ON_WEB_IND</label>
        <tableName>MTT_ACCOUNT_REPORTING</tableName>
        <jdbcType>VARCHAR</jdbcType>
        <precision>1</precision>
      </column>
      <column>
        <label>CONTRACT_ID</label>
        <tableName>MTT_ACCOUNT_REPORTING</tableName>
        <jdbcType>BIGINT</jdbcType>
        <precision>19</precision>
      </column>
      <column>
        <label>EXPORT_CUS_IND</label>
        <tableName>MTT_ACCOUNT_REPORTING</tableName>
        <jdbcType>VARCHAR</jdbcType>
        <precision>1</precision>
      </column>
      <column>
        <label>LAST_UPDATE_DT</label>
        <tableName>MTT_ACCOUNT_REPORTING</tableName>
        <jdbcType>TIMESTAMP</jdbcType>
      </column>
      <column>
        <label>LAST_UPDATE_USER</label>
        <tableName>MTT_ACCOUNT_REPORTING</tableName>
        <jdbcType>VARCHAR</jdbcType>
        <precision>20</precision>
      </column>
      <column>
        <label>LAST_UPDATE_TX_ID</label>
        <tableName>MTT_ACCOUNT_REPORTING</tableName>
        <jdbcType>BIGINT</jdbcType>
        <precision>19</precision>
      </column>
    </columns>
  </statement>
  <statement method='com.metcash.db.custom.entityObject.EObjMTTActReportingData#createEObjMTTActReporting(com.metcash.db.custom.entityObject.EObjMTTActReporting)'>
    <parameters>
      <parameter>
        <parameterMode>parameterModeIn</parameterMode>
        <jdbcType>BIGINT</jdbcType>
        <precision>19</precision>
      </parameter>
      <parameter>
        <parameterMode>parameterModeIn</parameterMode>
        <jdbcType>BIGINT</jdbcType>
        <precision>19</precision>
      </parameter>
      <parameter>
        <parameterMode>parameterModeIn</parameterMode>
        <jdbcType>VARCHAR</jdbcType>
        <precision>1</precision>
      </parameter>
      <parameter>
        <parameterMode>parameterModeIn</parameterMode>
        <jdbcType>INTEGER</jdbcType>
        <precision>10</precision>
      </parameter>
      <parameter>
        <parameterMode>parameterModeIn</parameterMode>
        <jdbcType>VARCHAR</jdbcType>
        <precision>1</precision>
      </parameter>
      <parameter>
        <parameterMode>parameterModeIn</parameterMode>
        <jdbcType>BIGINT</jdbcType>
        <precision>19</precision>
      </parameter>
      <parameter>
        <parameterMode>parameterModeIn</parameterMode>
        <jdbcType>BIGINT</jdbcType>
        <precision>19</precision>
      </parameter>
      <parameter>
        <parameterMode>parameterModeIn</parameterMode>
        <jdbcType>BIGINT</jdbcType>
        <precision>19</precision>
      </parameter>
      <parameter>
        <parameterMode>parameterModeIn</parameterMode>
        <jdbcType>VARCHAR</jdbcType>
        <precision>1</precision>
      </parameter>
      <parameter>
        <parameterMode>parameterModeIn</parameterMode>
        <jdbcType>BIGINT</jdbcType>
        <precision>19</precision>
      </parameter>
      <parameter>
        <parameterMode>parameterModeIn</parameterMode>
        <jdbcType>VARCHAR</jdbcType>
        <precision>1</precision>
      </parameter>
      <parameter>
        <parameterMode>parameterModeIn</parameterMode>
        <jdbcType>TIMESTAMP</jdbcType>
      </parameter>
      <parameter>
        <parameterMode>parameterModeIn</parameterMode>
        <jdbcType>VARCHAR</jdbcType>
      </parameter>
      <parameter>
        <parameterMode>parameterModeIn</parameterMode>
        <jdbcType>BIGINT</jdbcType>
        <precision>19</precision>
      </parameter>
    </parameters>
  </statement>
  <statement method='com.metcash.db.custom.entityObject.EObjMTTActReportingData#updateEObjMTTActReporting(com.metcash.db.custom.entityObject.EObjMTTActReporting)'>
    <parameters>
      <parameter>
        <parameterMode>parameterModeIn</parameterMode>
        <jdbcType>BIGINT</jdbcType>
        <precision>19</precision>
      </parameter>
      <parameter>
        <parameterMode>parameterModeIn</parameterMode>
        <jdbcType>VARCHAR</jdbcType>
        <precision>1</precision>
      </parameter>
      <parameter>
        <parameterMode>parameterModeIn</parameterMode>
        <jdbcType>INTEGER</jdbcType>
        <precision>10</precision>
      </parameter>
      <parameter>
        <parameterMode>parameterModeIn</parameterMode>
        <jdbcType>VARCHAR</jdbcType>
        <precision>1</precision>
      </parameter>
      <parameter>
        <parameterMode>parameterModeIn</parameterMode>
        <jdbcType>BIGINT</jdbcType>
        <precision>19</precision>
      </parameter>
      <parameter>
        <parameterMode>parameterModeIn</parameterMode>
        <jdbcType>BIGINT</jdbcType>
        <precision>19</precision>
      </parameter>
      <parameter>
        <parameterMode>parameterModeIn</parameterMode>
        <jdbcType>BIGINT</jdbcType>
        <precision>19</precision>
      </parameter>
      <parameter>
        <parameterMode>parameterModeIn</parameterMode>
        <jdbcType>VARCHAR</jdbcType>
        <precision>1</precision>
      </parameter>
      <parameter>
        <parameterMode>parameterModeIn</parameterMode>
        <jdbcType>BIGINT</jdbcType>
        <precision>19</precision>
      </parameter>
      <parameter>
        <parameterMode>parameterModeIn</parameterMode>
        <jdbcType>VARCHAR</jdbcType>
        <precision>1</precision>
      </parameter>
      <parameter>
        <parameterMode>parameterModeIn</parameterMode>
        <jdbcType>TIMESTAMP</jdbcType>
      </parameter>
      <parameter>
        <parameterMode>parameterModeIn</parameterMode>
        <jdbcType>VARCHAR</jdbcType>
      </parameter>
      <parameter>
        <parameterMode>parameterModeIn</parameterMode>
        <jdbcType>BIGINT</jdbcType>
        <precision>19</precision>
      </parameter>
      <parameter>
        <parameterMode>parameterModeIn</parameterMode>
        <jdbcType>BIGINT</jdbcType>
        <precision>19</precision>
      </parameter>
      <parameter>
        <parameterMode>parameterModeIn</parameterMode>
        <jdbcType>TIMESTAMP</jdbcType>
      </parameter>
    </parameters>
  </statement>
  <statement method='com.metcash.db.custom.entityObject.EObjMTTActReportingData#deleteEObjMTTActReporting(Long)'>
    <parameters>
      <parameter>
        <parameterMode>parameterModeIn</parameterMode>
        <jdbcType>BIGINT</jdbcType>
        <precision>19</precision>
      </parameter>
    </parameters>
  </statement>
</metadata>
