<?xml version='1.0' encoding='utf-8'?>
<!DOCTYPE metadata>
<metadata>
  <statement method='com.metcash.db.custom.entityObject.MTTActCostChargesInquiryData#getMTTActCostCharges(Object[])'>
    <parameters>
      <parameter>
        <parameterMode>parameterModeIn</parameterMode>
        <jdbcType>BIGINT</jdbcType>
        <precision>19</precision>
      </parameter>
    </parameters>
    <columns>
      <column>
        <label>MTT_ACT_COST_CHARGES_ID</label>
        <tableName>MTT_ACCOUNT_COST_CHARGES</tableName>
        <jdbcType>BIGINT</jdbcType>
        <precision>19</precision>
      </column>
      <column>
        <label>CONTRACT_ID</label>
        <tableName>MTT_ACCOUNT_COST_CHARGES</tableName>
        <jdbcType>BIGINT</jdbcType>
        <precision>19</precision>
      </column>
      <column>
        <label>COST_BASE_TP_CD</label>
        <tableName>MTT_ACCOUNT_COST_CHARGES</tableName>
        <jdbcType>BIGINT</jdbcType>
        <precision>19</precision>
      </column>
      <column>
        <label>DIRECT_SHIP_APPROVED_IND</label>
        <tableName>MTT_ACCOUNT_COST_CHARGES</tableName>
        <jdbcType>VARCHAR</jdbcType>
        <precision>1</precision>
      </column>
      <column>
        <label>DO_NOT_APPLY_DIRECT_DISC_IND</label>
        <tableName>MTT_ACCOUNT_COST_CHARGES</tableName>
        <jdbcType>VARCHAR</jdbcType>
        <precision>1</precision>
      </column>
      <column>
        <label>SRP_COMPLIANCE_TP_CD</label>
        <tableName>MTT_ACCOUNT_COST_CHARGES</tableName>
        <jdbcType>BIGINT</jdbcType>
        <precision>19</precision>
      </column>
      <column>
        <label>PRICE_MATCH_GAP_FEE_IND</label>
        <tableName>MTT_ACCOUNT_COST_CHARGES</tableName>
        <jdbcType>VARCHAR</jdbcType>
        <precision>1</precision>
      </column>
      <column>
        <label>BRKN_CASE_UPCHARGE_PCT</label>
        <tableName>MTT_ACCOUNT_COST_CHARGES</tableName>
        <jdbcType>REAL</jdbcType>
        <precision>16</precision>
        <scale>2</scale>
      </column>
      <column>
        <label>BRKN_CASE_UPCHARGE_CAP</label>
        <tableName>MTT_ACCOUNT_COST_CHARGES</tableName>
        <jdbcType>REAL</jdbcType>
        <precision>16</precision>
        <scale>2</scale>
      </column>
      <column>
        <label>BRKN_CASE_UPCHARGE_IND</label>
        <tableName>MTT_ACCOUNT_COST_CHARGES</tableName>
        <jdbcType>VARCHAR</jdbcType>
        <precision>1</precision>
      </column>
      <column>
        <label>BRKN_CASE_CALC_TP_CD</label>
        <tableName>MTT_ACCOUNT_COST_CHARGES</tableName>
        <jdbcType>BIGINT</jdbcType>
        <precision>19</precision>
      </column>
      <column>
        <label>SHELF_LABEL_PRICED_IND</label>
        <tableName>MTT_ACCOUNT_COST_CHARGES</tableName>
        <jdbcType>VARCHAR</jdbcType>
        <precision>1</precision>
      </column>
      <column>
        <label>PSRP_TP_CD</label>
        <tableName>MTT_ACCOUNT_COST_CHARGES</tableName>
        <jdbcType>BIGINT</jdbcType>
        <precision>19</precision>
      </column>
      <column>
        <label>ADD_FRT_RECOVERY_SRP_IND</label>
        <tableName>MTT_ACCOUNT_COST_CHARGES</tableName>
        <jdbcType>VARCHAR</jdbcType>
        <precision>1</precision>
      </column>
      <column>
        <label>SRP_FRT_RECOVERY_VAL</label>
        <tableName>MTT_ACCOUNT_COST_CHARGES</tableName>
        <jdbcType>REAL</jdbcType>
        <precision>16</precision>
        <scale>2</scale>
      </column>
      <column>
        <label>SRP_FRT_RECOVERY_DIR_VAL</label>
        <tableName>MTT_ACCOUNT_COST_CHARGES</tableName>
        <jdbcType>REAL</jdbcType>
        <precision>16</precision>
        <scale>2</scale>
      </column>
      <column>
        <label>LAST_UPDATE_DT</label>
        <tableName>MTT_ACCOUNT_COST_CHARGES</tableName>
        <jdbcType>TIMESTAMP</jdbcType>
      </column>
      <column>
        <label>LAST_UPDATE_USER</label>
        <tableName>MTT_ACCOUNT_COST_CHARGES</tableName>
        <jdbcType>VARCHAR</jdbcType>
        <precision>20</precision>
      </column>
      <column>
        <label>LAST_UPDATE_TX_ID</label>
        <tableName>MTT_ACCOUNT_COST_CHARGES</tableName>
        <jdbcType>BIGINT</jdbcType>
        <precision>19</precision>
      </column>
    </columns>
  </statement>
  <statement method='com.metcash.db.custom.entityObject.MTTActCostChargesInquiryData#getMTTActCostChargesHistory(Object[])'>
    <parameters>
      <parameter>
        <parameterMode>parameterModeIn</parameterMode>
        <jdbcType>BIGINT</jdbcType>
        <precision>19</precision>
      </parameter>
      <parameter>
        <parameterMode>parameterModeIn</parameterMode>
        <jdbcType>TIMESTAMP</jdbcType>
      </parameter>
      <parameter>
        <parameterMode>parameterModeIn</parameterMode>
        <jdbcType>TIMESTAMP</jdbcType>
      </parameter>
    </parameters>
    <columns>
      <column>
        <label>historyIdPK</label>
        <tableName>MTT_ACCOUNT_COST_CHARGES</tableName>
        <jdbcType>BIGINT</jdbcType>
        <precision>19</precision>
      </column>
      <column>
        <label>H_ACTION_CODE</label>
        <tableName>MTT_ACCOUNT_COST_CHARGES</tableName>
        <jdbcType>CHAR</jdbcType>
        <precision>1</precision>
      </column>
      <column>
        <label>H_CREATED_BY</label>
        <tableName>MTT_ACCOUNT_COST_CHARGES</tableName>
        <jdbcType>VARCHAR</jdbcType>
        <precision>20</precision>
      </column>
      <column>
        <label>H_CREATE_DT</label>
        <tableName>MTT_ACCOUNT_COST_CHARGES</tableName>
        <jdbcType>TIMESTAMP</jdbcType>
      </column>
      <column>
        <label>H_END_DT</label>
        <tableName>MTT_ACCOUNT_COST_CHARGES</tableName>
        <jdbcType>TIMESTAMP</jdbcType>
      </column>
      <column>
        <label>MTT_ACT_COST_CHARGES_ID</label>
        <tableName>MTT_ACCOUNT_COST_CHARGES</tableName>
        <jdbcType>BIGINT</jdbcType>
        <precision>19</precision>
      </column>
      <column>
        <label>CONTRACT_ID</label>
        <tableName>MTT_ACCOUNT_COST_CHARGES</tableName>
        <jdbcType>BIGINT</jdbcType>
        <precision>19</precision>
      </column>
      <column>
        <label>COST_BASE_TP_CD</label>
        <tableName>MTT_ACCOUNT_COST_CHARGES</tableName>
        <jdbcType>BIGINT</jdbcType>
        <precision>19</precision>
      </column>
      <column>
        <label>DIRECT_SHIP_APPROVED_IND</label>
        <tableName>MTT_ACCOUNT_COST_CHARGES</tableName>
        <jdbcType>VARCHAR</jdbcType>
        <precision>1</precision>
      </column>
      <column>
        <label>DO_NOT_APPLY_DIRECT_DISC_IND</label>
        <tableName>MTT_ACCOUNT_COST_CHARGES</tableName>
        <jdbcType>VARCHAR</jdbcType>
        <precision>1</precision>
      </column>
      <column>
        <label>SRP_COMPLIANCE_TP_CD</label>
        <tableName>MTT_ACCOUNT_COST_CHARGES</tableName>
        <jdbcType>BIGINT</jdbcType>
        <precision>19</precision>
      </column>
      <column>
        <label>PRICE_MATCH_GAP_FEE_IND</label>
        <tableName>MTT_ACCOUNT_COST_CHARGES</tableName>
        <jdbcType>VARCHAR</jdbcType>
        <precision>1</precision>
      </column>
      <column>
        <label>BRKN_CASE_UPCHARGE_PCT</label>
        <tableName>MTT_ACCOUNT_COST_CHARGES</tableName>
        <jdbcType>REAL</jdbcType>
        <precision>16</precision>
        <scale>2</scale>
      </column>
      <column>
        <label>BRKN_CASE_UPCHARGE_CAP</label>
        <tableName>MTT_ACCOUNT_COST_CHARGES</tableName>
        <jdbcType>REAL</jdbcType>
        <precision>16</precision>
        <scale>2</scale>
      </column>
      <column>
        <label>BRKN_CASE_UPCHARGE_IND</label>
        <tableName>MTT_ACCOUNT_COST_CHARGES</tableName>
        <jdbcType>VARCHAR</jdbcType>
        <precision>1</precision>
      </column>
      <column>
        <label>BRKN_CASE_CALC_TP_CD</label>
        <tableName>MTT_ACCOUNT_COST_CHARGES</tableName>
        <jdbcType>BIGINT</jdbcType>
        <precision>19</precision>
      </column>
      <column>
        <label>SHELF_LABEL_PRICED_IND</label>
        <tableName>MTT_ACCOUNT_COST_CHARGES</tableName>
        <jdbcType>VARCHAR</jdbcType>
        <precision>1</precision>
      </column>
      <column>
        <label>PSRP_TP_CD</label>
        <tableName>MTT_ACCOUNT_COST_CHARGES</tableName>
        <jdbcType>BIGINT</jdbcType>
        <precision>19</precision>
      </column>
      <column>
        <label>ADD_FRT_RECOVERY_SRP_IND</label>
        <tableName>MTT_ACCOUNT_COST_CHARGES</tableName>
        <jdbcType>VARCHAR</jdbcType>
        <precision>1</precision>
      </column>
      <column>
        <label>SRP_FRT_RECOVERY_VAL</label>
        <tableName>MTT_ACCOUNT_COST_CHARGES</tableName>
        <jdbcType>REAL</jdbcType>
        <precision>16</precision>
        <scale>2</scale>
      </column>
      <column>
        <label>SRP_FRT_RECOVERY_DIR_VAL</label>
        <tableName>MTT_ACCOUNT_COST_CHARGES</tableName>
        <jdbcType>REAL</jdbcType>
        <precision>16</precision>
        <scale>2</scale>
      </column>
      <column>
        <label>LAST_UPDATE_DT</label>
        <tableName>MTT_ACCOUNT_COST_CHARGES</tableName>
        <jdbcType>TIMESTAMP</jdbcType>
      </column>
      <column>
        <label>LAST_UPDATE_USER</label>
        <tableName>MTT_ACCOUNT_COST_CHARGES</tableName>
        <jdbcType>VARCHAR</jdbcType>
        <precision>20</precision>
      </column>
      <column>
        <label>LAST_UPDATE_TX_ID</label>
        <tableName>MTT_ACCOUNT_COST_CHARGES</tableName>
        <jdbcType>BIGINT</jdbcType>
        <precision>19</precision>
      </column>
    </columns>
  </statement>
  <statement method='com.metcash.db.custom.entityObject.MTTActCostChargesInquiryData#getAllMTTActCostChargesByID(Object[])'>
    <parameters>
      <parameter>
        <parameterMode>parameterModeIn</parameterMode>
        <jdbcType>BIGINT</jdbcType>
        <precision>19</precision>
      </parameter>
    </parameters>
    <columns>
      <column>
        <label>MTT_ACT_COST_CHARGES_ID</label>
        <tableName>MTT_ACCOUNT_COST_CHARGES</tableName>
        <jdbcType>BIGINT</jdbcType>
        <precision>19</precision>
      </column>
      <column>
        <label>CONTRACT_ID</label>
        <tableName>MTT_ACCOUNT_COST_CHARGES</tableName>
        <jdbcType>BIGINT</jdbcType>
        <precision>19</precision>
      </column>
      <column>
        <label>COST_BASE_TP_CD</label>
        <tableName>MTT_ACCOUNT_COST_CHARGES</tableName>
        <jdbcType>BIGINT</jdbcType>
        <precision>19</precision>
      </column>
      <column>
        <label>DIRECT_SHIP_APPROVED_IND</label>
        <tableName>MTT_ACCOUNT_COST_CHARGES</tableName>
        <jdbcType>VARCHAR</jdbcType>
        <precision>1</precision>
      </column>
      <column>
        <label>DO_NOT_APPLY_DIRECT_DISC_IND</label>
        <tableName>MTT_ACCOUNT_COST_CHARGES</tableName>
        <jdbcType>VARCHAR</jdbcType>
        <precision>1</precision>
      </column>
      <column>
        <label>SRP_COMPLIANCE_TP_CD</label>
        <tableName>MTT_ACCOUNT_COST_CHARGES</tableName>
        <jdbcType>BIGINT</jdbcType>
        <precision>19</precision>
      </column>
      <column>
        <label>PRICE_MATCH_GAP_FEE_IND</label>
        <tableName>MTT_ACCOUNT_COST_CHARGES</tableName>
        <jdbcType>VARCHAR</jdbcType>
        <precision>1</precision>
      </column>
      <column>
        <label>BRKN_CASE_UPCHARGE_PCT</label>
        <tableName>MTT_ACCOUNT_COST_CHARGES</tableName>
        <jdbcType>REAL</jdbcType>
        <precision>16</precision>
        <scale>2</scale>
      </column>
      <column>
        <label>BRKN_CASE_UPCHARGE_CAP</label>
        <tableName>MTT_ACCOUNT_COST_CHARGES</tableName>
        <jdbcType>REAL</jdbcType>
        <precision>16</precision>
        <scale>2</scale>
      </column>
      <column>
        <label>BRKN_CASE_UPCHARGE_IND</label>
        <tableName>MTT_ACCOUNT_COST_CHARGES</tableName>
        <jdbcType>VARCHAR</jdbcType>
        <precision>1</precision>
      </column>
      <column>
        <label>BRKN_CASE_CALC_TP_CD</label>
        <tableName>MTT_ACCOUNT_COST_CHARGES</tableName>
        <jdbcType>BIGINT</jdbcType>
        <precision>19</precision>
      </column>
      <column>
        <label>SHELF_LABEL_PRICED_IND</label>
        <tableName>MTT_ACCOUNT_COST_CHARGES</tableName>
        <jdbcType>VARCHAR</jdbcType>
        <precision>1</precision>
      </column>
      <column>
        <label>PSRP_TP_CD</label>
        <tableName>MTT_ACCOUNT_COST_CHARGES</tableName>
        <jdbcType>BIGINT</jdbcType>
        <precision>19</precision>
      </column>
      <column>
        <label>ADD_FRT_RECOVERY_SRP_IND</label>
        <tableName>MTT_ACCOUNT_COST_CHARGES</tableName>
        <jdbcType>VARCHAR</jdbcType>
        <precision>1</precision>
      </column>
      <column>
        <label>SRP_FRT_RECOVERY_VAL</label>
        <tableName>MTT_ACCOUNT_COST_CHARGES</tableName>
        <jdbcType>REAL</jdbcType>
        <precision>16</precision>
        <scale>2</scale>
      </column>
      <column>
        <label>SRP_FRT_RECOVERY_DIR_VAL</label>
        <tableName>MTT_ACCOUNT_COST_CHARGES</tableName>
        <jdbcType>REAL</jdbcType>
        <precision>16</precision>
        <scale>2</scale>
      </column>
      <column>
        <label>LAST_UPDATE_DT</label>
        <tableName>MTT_ACCOUNT_COST_CHARGES</tableName>
        <jdbcType>TIMESTAMP</jdbcType>
      </column>
      <column>
        <label>LAST_UPDATE_USER</label>
        <tableName>MTT_ACCOUNT_COST_CHARGES</tableName>
        <jdbcType>VARCHAR</jdbcType>
        <precision>20</precision>
      </column>
      <column>
        <label>LAST_UPDATE_TX_ID</label>
        <tableName>MTT_ACCOUNT_COST_CHARGES</tableName>
        <jdbcType>BIGINT</jdbcType>
        <precision>19</precision>
      </column>
    </columns>
  </statement>
  <statement method='com.metcash.db.custom.entityObject.MTTActCostChargesInquiryData#getAllMTTActCostChargesByIDHistory(Object[])'>
    <parameters>
      <parameter>
        <parameterMode>parameterModeIn</parameterMode>
        <jdbcType>BIGINT</jdbcType>
        <precision>19</precision>
      </parameter>
      <parameter>
        <parameterMode>parameterModeIn</parameterMode>
        <jdbcType>TIMESTAMP</jdbcType>
      </parameter>
      <parameter>
        <parameterMode>parameterModeIn</parameterMode>
        <jdbcType>TIMESTAMP</jdbcType>
      </parameter>
    </parameters>
    <columns>
      <column>
        <label>historyIdPK</label>
        <tableName>MTT_ACCOUNT_COST_CHARGES</tableName>
        <jdbcType>BIGINT</jdbcType>
        <precision>19</precision>
      </column>
      <column>
        <label>H_ACTION_CODE</label>
        <tableName>MTT_ACCOUNT_COST_CHARGES</tableName>
        <jdbcType>CHAR</jdbcType>
        <precision>1</precision>
      </column>
      <column>
        <label>H_CREATED_BY</label>
        <tableName>MTT_ACCOUNT_COST_CHARGES</tableName>
        <jdbcType>VARCHAR</jdbcType>
        <precision>20</precision>
      </column>
      <column>
        <label>H_CREATE_DT</label>
        <tableName>MTT_ACCOUNT_COST_CHARGES</tableName>
        <jdbcType>TIMESTAMP</jdbcType>
      </column>
      <column>
        <label>H_END_DT</label>
        <tableName>MTT_ACCOUNT_COST_CHARGES</tableName>
        <jdbcType>TIMESTAMP</jdbcType>
      </column>
      <column>
        <label>MTT_ACT_COST_CHARGES_ID</label>
        <tableName>MTT_ACCOUNT_COST_CHARGES</tableName>
        <jdbcType>BIGINT</jdbcType>
        <precision>19</precision>
      </column>
      <column>
        <label>CONTRACT_ID</label>
        <tableName>MTT_ACCOUNT_COST_CHARGES</tableName>
        <jdbcType>BIGINT</jdbcType>
        <precision>19</precision>
      </column>
      <column>
        <label>COST_BASE_TP_CD</label>
        <tableName>MTT_ACCOUNT_COST_CHARGES</tableName>
        <jdbcType>BIGINT</jdbcType>
        <precision>19</precision>
      </column>
      <column>
        <label>DIRECT_SHIP_APPROVED_IND</label>
        <tableName>MTT_ACCOUNT_COST_CHARGES</tableName>
        <jdbcType>VARCHAR</jdbcType>
        <precision>1</precision>
      </column>
      <column>
        <label>DO_NOT_APPLY_DIRECT_DISC_IND</label>
        <tableName>MTT_ACCOUNT_COST_CHARGES</tableName>
        <jdbcType>VARCHAR</jdbcType>
        <precision>1</precision>
      </column>
      <column>
        <label>SRP_COMPLIANCE_TP_CD</label>
        <tableName>MTT_ACCOUNT_COST_CHARGES</tableName>
        <jdbcType>BIGINT</jdbcType>
        <precision>19</precision>
      </column>
      <column>
        <label>PRICE_MATCH_GAP_FEE_IND</label>
        <tableName>MTT_ACCOUNT_COST_CHARGES</tableName>
        <jdbcType>VARCHAR</jdbcType>
        <precision>1</precision>
      </column>
      <column>
        <label>BRKN_CASE_UPCHARGE_PCT</label>
        <tableName>MTT_ACCOUNT_COST_CHARGES</tableName>
        <jdbcType>REAL</jdbcType>
        <precision>16</precision>
        <scale>2</scale>
      </column>
      <column>
        <label>BRKN_CASE_UPCHARGE_CAP</label>
        <tableName>MTT_ACCOUNT_COST_CHARGES</tableName>
        <jdbcType>REAL</jdbcType>
        <precision>16</precision>
        <scale>2</scale>
      </column>
      <column>
        <label>BRKN_CASE_UPCHARGE_IND</label>
        <tableName>MTT_ACCOUNT_COST_CHARGES</tableName>
        <jdbcType>VARCHAR</jdbcType>
        <precision>1</precision>
      </column>
      <column>
        <label>BRKN_CASE_CALC_TP_CD</label>
        <tableName>MTT_ACCOUNT_COST_CHARGES</tableName>
        <jdbcType>BIGINT</jdbcType>
        <precision>19</precision>
      </column>
      <column>
        <label>SHELF_LABEL_PRICED_IND</label>
        <tableName>MTT_ACCOUNT_COST_CHARGES</tableName>
        <jdbcType>VARCHAR</jdbcType>
        <precision>1</precision>
      </column>
      <column>
        <label>PSRP_TP_CD</label>
        <tableName>MTT_ACCOUNT_COST_CHARGES</tableName>
        <jdbcType>BIGINT</jdbcType>
        <precision>19</precision>
      </column>
      <column>
        <label>ADD_FRT_RECOVERY_SRP_IND</label>
        <tableName>MTT_ACCOUNT_COST_CHARGES</tableName>
        <jdbcType>VARCHAR</jdbcType>
        <precision>1</precision>
      </column>
      <column>
        <label>SRP_FRT_RECOVERY_VAL</label>
        <tableName>MTT_ACCOUNT_COST_CHARGES</tableName>
        <jdbcType>REAL</jdbcType>
        <precision>16</precision>
        <scale>2</scale>
      </column>
      <column>
        <label>SRP_FRT_RECOVERY_DIR_VAL</label>
        <tableName>MTT_ACCOUNT_COST_CHARGES</tableName>
        <jdbcType>REAL</jdbcType>
        <precision>16</precision>
        <scale>2</scale>
      </column>
      <column>
        <label>LAST_UPDATE_DT</label>
        <tableName>MTT_ACCOUNT_COST_CHARGES</tableName>
        <jdbcType>TIMESTAMP</jdbcType>
      </column>
      <column>
        <label>LAST_UPDATE_USER</label>
        <tableName>MTT_ACCOUNT_COST_CHARGES</tableName>
        <jdbcType>VARCHAR</jdbcType>
        <precision>20</precision>
      </column>
      <column>
        <label>LAST_UPDATE_TX_ID</label>
        <tableName>MTT_ACCOUNT_COST_CHARGES</tableName>
        <jdbcType>BIGINT</jdbcType>
        <precision>19</precision>
      </column>
    </columns>
  </statement>
</metadata>
