<?xml version="1.0" encoding="UTF-8"?>
<!DOCTYPE project>
<project default="javadoc">
	
	<path id= "projectclasspath">		
      		<pathelement location="D:\IBM\WAS\java\jre\lib\math.jar"/>
      		<pathelement location="D:\IBM\WAS\java\jre\lib\ext\localedata.jar"/>
      		<pathelement location="D:\workspace\DEV\.metadata\.plugins\org.eclipse.pde.core\.external_libraries\com.ibm.mdm.server.logging_11.6.0.2-201705180644\log4j.jar"/>
      		<pathelement location="D:\IBM\WAS\java\jre\lib\rt.jar"/>
      		<pathelement location="D:\IBM\WAS\java\jre\lib\ext\zipfs.jar"/>
      		<pathelement location="D:\IBM\WAS\java\jre\lib\ext\nashorn.jar"/>
      		<pathelement location="D:\IBM\WAS\java\jre\lib\ext\ibmcmsprovider.jar"/>
      		<pathelement location="D:\IBM\WAS\java\jre\lib\se-service.jar"/>
      		<pathelement location="D:\IBM\WAS\java\jre\lib\ibmjgssfw.jar"/>
      		<pathelement location="D:\IBM\WAS\java\jre\lib\ibmcfw.jar"/>
      		<pathelement location="D:\IBM\WAS\java\jre\lib\ext\CmpCrmf.jar"/>
      		<pathelement location="D:\IBM\SDP_MDMDEV1\com.ibm.mdm.tools\server_bundles\mdm\com.ibm.mdm.server.config.client_11.6.0.2-201705180644.jar"/>
      		<pathelement location="D:\IBM\WAS\java\jre\lib\ext\dtfj.jar"/>
      		<pathelement location="D:\workspace\DEV\.metadata\.plugins\org.eclipse.pde.core\.external_libraries\com.ibm.mdm.server.dwlcommonservices_11.6.0.2-201705180644\arm4.jar"/>
      		<pathelement location="D:\IBM\SDP_MDMDEV1\com.ibm.mdm.tools\server_bundles\mdm\com.ibm.mdm.server.dwlcommonservices_11.6.0.2-201705180644.jar"/>
      		<pathelement location="D:\IBM\WAS\java\jre\lib\ext\jaccess.jar"/>
      		<pathelement location="D:\IBM\WAS\java\jre\lib\dataaccess.jar"/>
      		<pathelement location="D:\IBM\WAS\java\jre\lib\ibmcertpathfw.jar"/>
      		<pathelement location="D:\IBM\WAS\java\jre\lib\ibmsaslfw.jar"/>
      		<pathelement location="D:\IBM\WAS\java\jre\lib\ext\ibmxmldsigprovider.jar"/>
      		<pathelement location="D:\IBM\WAS\java\jre\lib\ext\xmlencfw.jar"/>
      		<pathelement location="D:\workspace\DEV\.metadata\.plugins\org.eclipse.pde.core\.external_libraries\com.ibm.mdm.server.dwlcommonservices_11.6.0.2-201705180644\sqlj.zip"/>
      		<pathelement location="D:\IBM\WAS\java\jre\lib\ibmpkcs.jar"/>
      		<pathelement location="D:\IBM\WAS\java\jre\lib\ext\ibmxmlcrypto.jar"/>
      		<pathelement location="D:\IBM\WAS\endorsed_apis\jaxb-api.jar"/>
      		<pathelement location="D:\IBM\WAS\java\jre\lib\ext\traceformat.jar"/>
      		<pathelement location="D:\IBM\WAS\java\jre\lib\ibmorbapi.jar"/>
      		<pathelement location="D:\IBM\WAS\endorsed_apis\javax.j2ee.annotation.jar"/>
      		<pathelement location="D:\IBM\WAS\java\jre\lib\ibmjsseprovider2.jar"/>
      		<pathelement location="D:\IBM\SDP_MDMDEV1\com.ibm.mdm.tools\server_bundles\mdm\com.ibm.mdm.server.codetypes_11.6.0.2-201705180644.jar"/>
      		<pathelement location="D:\workspace\DEV\.metadata\.plugins\org.eclipse.pde.core\.external_libraries\com.ibm.mdm.server.mgmtcommon_11.6.0.2-201705180644\jaxb-xjc.jar"/>
      		<pathelement location="D:\IBM\WAS\java\jre\lib\ext\ibmspnego.jar"/>
      		<pathelement location="D:\IBM\WAS\java\jre\bin\compressedrefs\jclSC180\vm.jar"/>
      		<pathelement location="D:\IBM\WAS\java\jre\lib\resources.jar"/>
      		<pathelement location="D:\IBM\WAS\java\jre\lib\cuda4j.jar"/>
      		<pathelement location="D:\IBM\SDP_MDMDEV1\com.ibm.mdm.tools\server_bundles\mdm\com.ibm.mdm.server.mgmtcommon_11.6.0.2-201705180644.jar"/>
      		<pathelement location="D:\IBM\WAS\java\jre\lib\charsets.jar"/>
      		<pathelement location="D:\IBM\WAS\java\jre\lib\ext\dtfj-interface.jar"/>
      		<pathelement location="D:\IBM\WAS\java\jre\lib\ext\gskikm.jar"/>
      		<pathelement location="D:\IBM\WAS\java\jre\lib\ext\ibmkeycert.jar"/>
      		<pathelement location="D:\IBM\WAS\java\jre\lib\ibmjgssprovider.jar"/>
      		<pathelement location="D:\IBM\WAS\java\jre\lib\ibmcertpathprovider.jar"/>
      		<pathelement location="D:\IBM\WAS\java\jre\lib\ext\cldrdata.jar"/>
      		<pathelement location="D:\IBM\WAS\java\jre\lib\ext\IBMSecureRandom.jar"/>
      		<pathelement location="D:\IBM\WAS\java\jre\lib\ext\iwsorbutil.jar"/>
      		<pathelement location="D:\IBM\WAS\java\jre\lib\xml.jar"/>
      		<pathelement location="D:\IBM\SDP_MDMDEV1\com.ibm.mdm.tools\server_bundles\mdm\com.ibm.mdm.server.config.repo_11.6.0.2-201705180644.jar"/>
      		<pathelement location="D:\IBM\WAS\java\jre\lib\ext\access-bridge-64.jar"/>
      		<pathelement location="D:\workspace\DEV\MTTDBCustom\build\classes"/>
      		<pathelement location="D:\IBM\WAS\java\jre\lib\ext\ibmpkcs11impl.jar"/>
      		<pathelement location="D:\IBM\SDP_MDMDEV1\com.ibm.mdm.tools\server_bundles\mdm\com.ibm.mdm.thirdparty.pdq_11.6.0.2-201705180644\pdq.jar"/>
      		<pathelement location="D:\IBM\WAS\java\jre\lib\ibmorb.jar"/>
      		<pathelement location="D:\IBM\WAS\java\jre\lib\ext\healthcenter.jar"/>
      		<pathelement location="D:\IBM\WAS\java\jre\lib\ext\ibmxmlencprovider.jar"/>
      		<pathelement location="D:\IBM\SDP_MDMDEV1\com.ibm.mdm.tools\server_bundles\mdm\com.ibm.mdm.server.bizservices_11.6.0.2-201705180644.jar"/>
      		<pathelement location="D:\IBM\WAS\java\jre\lib\ext\ibmjceprovider.jar"/>
      		<pathelement location="D:\IBM\WAS\java\jre\lib\ext\dnsns.jar"/>
      		<pathelement location="D:\IBM\WAS\java\jre\lib\ibmjssefw.jar"/>
      		<pathelement location="D:\IBM\WAS\java\jre\lib\xmldsigfw.jar"/>
      		<pathelement location="D:\IBM\WAS\java\jre\lib\ext\ibmcac.jar"/>
      		<pathelement location="D:\IBM\WAS\java\jre\lib\ext\ibmjcefips.jar"/>
      		<pathelement location="D:\IBM\WAS\java\jre\lib\ibmjcefw.jar"/>
      		<pathelement location="D:\IBM\WAS\java\jre\lib\ext\dtfjview.jar"/>
      		<pathelement location="D:\IBM\WAS\java\jre\lib\ext\ibmsaslprovider.jar"/>
      		<pathelement location="D:\IBM\SDP_MDMDEV1\com.ibm.mdm.tools\server_bundles\mdm\com.ibm.mdm.server.btm_11.6.0.2-201705180644.jar"/>
      		<pathelement location="D:\IBM\WAS\endorsed_apis\jaxws-api.jar"/>
      		<pathelement location="D:\IBM\SDP_MDMDEV1\com.ibm.mdm.tools\server_bundles\mdm\com.ibm.mdm.thirdparty.pdq_11.6.0.2-201705180644"/>
      		<pathelement location="D:\IBM\SDP_MDMDEV1\com.ibm.mdm.tools\server_bundles\mdm\com.ibm.mdm.server.coreutilities_11.6.0.2-201705180644.jar"/>
      		<pathelement location="D:\IBM\SDP_MDMDEV1\com.ibm.mdm.tools\server_bundles\mdm\com.ibm.mdm.server.logging_11.6.0.2-201705180644.jar"/>
      		<pathelement location="D:\IBM\SDP_MDMDEV1\com.ibm.mdm.tools\server_bundles\mdm\com.ibm.mdm.server.commonutils_11.6.0.2-201705180644.jar"/>
    </path>


    <target name="javadoc">
    	<delete dir="doc/javadoc" verbose="true"/>
	<!--  BEGIN User editable section  -->
        <javadoc 
        	access="protected"
        	author="true"
        	classpathref="projectclasspath"
        	destdir="doc/javadoc"
        	nodeprecated="false"
        	nodeprecatedlist="false"
        	noindex="false"
        	nonavbar="false"
        	notree="false"
        	packagenames="com.metcash.db.custom.*"
        	source="1.6"
        	sourcepath="src"
        	splitindex="true" 
        	use="true" 
        	version="true"
    	>
        	<tag name="generated"/>
        	<tag name="Update("/>
        	<tag name="Select("/>
        </javadoc>
	<!-- END User editable section  -->      
    </target>
</project>